address,name_tag,exchange,txn_count,eth_balance,graph_score,altcoin_count,token_count,wallet_type,composite_score,etherscan
0x876eabf441b2ee5b5b0554fd502a8e0600950cfa,Bitfinex 3,bitfinex,2277362,3.72615716,0.011363029016155997,0,0,hot/deposit,0.677261,https://etherscan.io/address/0x876eabf441b2ee5b5b0554fd502a8e0600950cfa
0x32be343b94f860124dc4fee278fdcbd38c102d88,Poloniex,poloniex,2777126,69.01143703,0.008249221150550832,0,0,exchange,0.614984,https://etherscan.io/address/0x32be343b94f860124dc4fee278fdcbd38c102d88
0x3f5ce5fbfe3e9af3971dd833d26ba9b5c936f0be,Binance,binance,17017385,0.20403752,0.007346398680885949,0,0,exchange,0.596928,https://etherscan.io/address/0x3f5ce5fbfe3e9af3971dd833d26ba9b5c936f0be
0x209c4784ab1e8183cf58ca33cb740efbf3fc18ef,Poloniex 2,poloniex,1814558,0.0,0.006974838350140338,0,0,hot/deposit,0.589497,https://etherscan.io/address/0x209c4784ab1e8183cf58ca33cb740efbf3fc18ef
0x28c6c06298d514db089934071355e5743bf21d60,Binance 14,binance,13682977,74746.2802662,0.006872525228999782,0,0,hot/deposit,0.587451,https://etherscan.io/address/0x28c6c06298d514db089934071355e5743bf21d60
0xa910f92acdaf488fa6ef02174fb86208ad7722ba,Poloniex 4,poloniex,1334370,7577.83150821,0.005796765724837145,0,0,hot/deposit,0.565935,https://etherscan.io/address/0xa910f92acdaf488fa6ef02174fb86208ad7722ba
0xe93381fb4c4f14bda253907b18fad305d799241a,Huobi 10,huobi,2818125,1.05228434,0.005609535364810153,0,0,hot/deposit,0.562191,https://etherscan.io/address/0xe93381fb4c4f14bda253907b18fad305d799241a
0xfd54078badd5653571726c3370afb127351a6f26,Huobi 30,huobi,2460636,74.55042833,0.0054514770710540235,0,0,hot/deposit,0.55903,https://etherscan.io/address/0xfd54078badd5653571726c3370afb127351a6f26
0xd24400ae8bfebb18ca49be86258a3c749cf46853,Gemini,gemini,4002243,23069.68718696,0.005325588472377841,0,0,exchange,0.556512,https://etherscan.io/address/0xd24400ae8bfebb18ca49be86258a3c749cf46853
0x21a31ee1afc51d94c2efccaa2092ad1028285549,Binance 15,binance,6628872,30529.44862392,0.005223485214204,0,0,hot/deposit,0.55447,https://etherscan.io/address/0x21a31ee1afc51d94c2efccaa2092ad1028285549
0x1062a747393198f70f71ec65a582423dba7e5ab3,Huobi 9,huobi,1974931,163.70912378,0.005119334228256503,0,0,hot/deposit,0.552387,https://etherscan.io/address/0x1062a747393198f70f71ec65a582423dba7e5ab3
0x6748f50f686bfbca6fe8ad62b22228b87f31ff2b,Huobi 2,huobi,1970046,108.80718939,0.005114839494034447,0,0,hot/deposit,0.552297,https://etherscan.io/address/0x6748f50f686bfbca6fe8ad62b22228b87f31ff2b
0xdfd5293d8e347dfe59e90efd55b2956a1343963d,Binance 16,binance,6289307,31430.30021801,0.005114559888874949,0,0,hot/deposit,0.552291,https://etherscan.io/address/0xdfd5293d8e347dfe59e90efd55b2956a1343963d
0xab5c66752a9e8167967685f1450532fb96d5d24f,Huobi 1,huobi,1949566,162.8564006,0.0050912006470585506,0,0,hot/deposit,0.551824,https://etherscan.io/address/0xab5c66752a9e8167967685f1450532fb96d5d24f
0x46705dfff24256421a05d056c29e81bdc09723b8,Huobi 12,huobi,1946042,72.98618896,0.005086308363847583,0,0,hot/deposit,0.551726,https://etherscan.io/address/0x46705dfff24256421a05d056c29e81bdc09723b8
0x267be1c1d684f78cb4f6a176c4911b741e4ffdc0,Kraken 4,kraken,3167334,44497.15657905,0.005070184648771683,0,0,hot/deposit,0.551404,https://etherscan.io/address/0x267be1c1d684f78cb4f6a176c4911b741e4ffdc0
0xfdb16996831753d5331ff813c29a93c76834a0ad,Huobi 3,huobi,1808560,133.97197766,0.004863277353727426,0,0,hot/deposit,0.547266,https://etherscan.io/address/0xfdb16996831753d5331ff813c29a93c76834a0ad
0xeee28d484628d41a82d01e21d12e2e78d69920da,Huobi 4,huobi,1805687,120.72073241,0.004857944540529098,0,0,hot/deposit,0.547159,https://etherscan.io/address/0xeee28d484628d41a82d01e21d12e2e78d69920da
0xfa52274dd61e1643d2205169732f29114bc240b3,Kraken 5,kraken,2749007,0.0,0.0048405056270762765,0,0,hot/deposit,0.54681,https://etherscan.io/address/0xfa52274dd61e1643d2205169732f29114bc240b3
0xadb2b42f6bd96f5c65920b9ac88619dce4166f94,Huobi 7,huobi,1770577,121.44169163,0.004784561040184753,0,0,hot/deposit,0.545691,https://etherscan.io/address/0xadb2b42f6bd96f5c65920b9ac88619dce4166f94
0xd551234ae421e3bcba99a0da6d736074f22192ff,Binance 2,binance,4976495,0.01668168,0.0045822590493548145,0,0,hot/deposit,0.541645,https://etherscan.io/address/0xd551234ae421e3bcba99a0da6d736074f22192ff
0x0a98fb70939162725ae66e626fe4b52cff62c2e5,Huobi 36,huobi,1682836,143.61175657,0.004580641797395201,0,0,hot/deposit,0.541613,https://etherscan.io/address/0x0a98fb70939162725ae66e626fe4b52cff62c2e5
0x56eddb7aa87536c09ccc2793473599fd21a8b17f,Binance 17,binance,4970568,67097.71515945,0.004579357261199351,0,0,hot/deposit,0.541587,https://etherscan.io/address/0x56eddb7aa87536c09ccc2793473599fd21a8b17f
0x0681d8db095565fe8a346fa0277bffde9c0edbbf,Binance 4,binance,4946298,0.02617033,0.004565437801780991,0,0,hot/deposit,0.541309,https://etherscan.io/address/0x0681d8db095565fe8a346fa0277bffde9c0edbbf
0x564286362092d8e7936f0549571a803b203aaced,Binance 3,binance,4864447,2.01946911,0.004511624326061314,0,0,hot/deposit,0.540232,https://etherscan.io/address/0x564286362092d8e7936f0549571a803b203aaced
0x00bdb5699745f5b860228c8f939abf1b9ae374ed,Bitstamp 1,bitstamp,1640805,47.86921281,0.0044494636343975075,0,0,hot/deposit,0.538989,https://etherscan.io/address/0x00bdb5699745f5b860228c8f939abf1b9ae374ed
0x1522900b6dafac587d499a862861c0869be6e428,Bitstamp 2,bitstamp,1607109,1205.47282692,0.004408163045806551,0,0,hot/deposit,0.538163,https://etherscan.io/address/0x1522900b6dafac587d499a862861c0869be6e428
0x0d0707963952f2fba59dd06f2b425ace40b492fe,Gate.io,gateio,6341972,1630.99895616,0.004339114415234544,0,0,exchange,0.536782,https://etherscan.io/address/0x0d0707963952f2fba59dd06f2b425ace40b492fe
0x9696f59e4d72e237be84ffd425dcad154bf96976,Binance 18,binance,4628600,29601.47869201,0.004336768331511259,0,0,hot/deposit,0.536735,https://etherscan.io/address/0x9696f59e4d72e237be84ffd425dcad154bf96976
0x5f65f7b609678448494de4c87521cdf6cef1e932,Gemini 4,gemini,1996766,0.0,0.0038191891338494664,0,0,hot/deposit,0.526384,https://etherscan.io/address/0x5f65f7b609678448494de4c87521cdf6cef1e932
0x6cc5f688a315f3dc28a7781717a9a798a59fda7b,OKEx,okx,3220611,210.831336,0.0036230769939712307,0,0,exchange,0.522462,https://etherscan.io/address/0x6cc5f688a315f3dc28a7781717a9a798a59fda7b
0x89e51fa8ca5d66cd220baed62ed01e8951aa7c40,Kraken 7,kraken,1569897,160.90610146,0.0035856590204481216,0,0,hot/deposit,0.521713,https://etherscan.io/address/0x89e51fa8ca5d66cd220baed62ed01e8951aa7c40
0x2b5634c42055806a59e9107ed44d43c426e58258,KuCoin,kucoin,2828292,1.48137761,0.003368064088360309,0,0,exchange,0.517361,https://etherscan.io/address/0x2b5634c42055806a59e9107ed44d43c426e58258
0xa1d8d972560c2f8144af871db508f0b0b10a3fbf,KuCoin 3,kucoin,2750098,13.88519801,0.0033466382782310804,0,0,hot/deposit,0.516933,https://etherscan.io/address/0xa1d8d972560c2f8144af871db508f0b0b10a3fbf
0xfbb1b73c4f0bda4f67dca266ce6ef42f520fbb98,Bittrex,bittrex,11598672,8700.66841802,0.0032869879029848166,0,0,exchange,0.51574,https://etherscan.io/address/0xfbb1b73c4f0bda4f67dca266ce6ef42f520fbb98
0xa7efae728d2936e78bda97dc267687568dd593f3,OKEx 3,okx,2036634,4383.62423272,0.0031203476693903833,0,0,hot/deposit,0.512407,https://etherscan.io/address/0xa7efae728d2936e78bda97dc267687568dd593f3
0x274f3c32c90517975e29dfc209a23f315c1e5fc7,Hotbit,hotbit,1094621,1.77063956,0.002916147911601646,0,0,deposit/hot,0.508323,https://etherscan.io/address/0x274f3c32c90517975e29dfc209a23f315c1e5fc7
0xf16e9b0d03470827a95cdfd0cb8a8a3b46969b91,KuCoin 9,kucoin,1881890,372.58426881,0.002873039647745785,0,0,hot/deposit,0.507461,https://etherscan.io/address/0xf16e9b0d03470827a95cdfd0cb8a8a3b46969b91
0x4ad64983349c49defe8d7a4686202d24b25d0ce8,KuCoin 4,kucoin,1876309,2.06457509,0.002868452427054383,0,0,hot/deposit,0.507369,https://etherscan.io/address/0x4ad64983349c49defe8d7a4686202d24b25d0ce8
0x167a9333bf582556f35bd4d16a7e80e191aa6476,Coinone,coinone,1035976,2712.94554541,0.002832781204860484,0,0,exchange,0.506656,https://etherscan.io/address/0x167a9333bf582556f35bd4d16a7e80e191aa6476
0x4976a4a02f38326660d17bf34b431dc6e2eb2327,Binance 20,binance,2784167,71373.65204786,0.0028144934505398137,0,0,hot/deposit,0.50629,https://etherscan.io/address/0x4976a4a02f38326660d17bf34b431dc6e2eb2327
0x5041ed759dd4afc3a72b8192c143f72f4724081a,OKEx 7,okx,1400839,16.76605289,0.0025800846037958014,0,0,hot/deposit,0.501602,https://etherscan.io/address/0x5041ed759dd4afc3a72b8192c143f72f4724081a
0x46340b20830761efd32832a74d7169b29feb9758,Crypto.com 2,crypto.com,8912018,14705.64153034,0.0025763559730654566,0,0,hot/deposit,0.501527,https://etherscan.io/address/0x46340b20830761efd32832a74d7169b29feb9758
0x3cd751e6b0078be393132286c442345e5dc49699,Coinbase 4,coinbase,10029660,10974.83613067,0.002506695220899448,0,0,hot/deposit,0.500134,https://etherscan.io/address/0x3cd751e6b0078be393132286c442345e5dc49699
0xb5d85cbf7cb3ee0d56b3bb207d5fc4b82f43f511,Coinbase 5,coinbase,9518497,17354.12151377,0.00247820347929446,0,0,hot/deposit,0.499564,https://etherscan.io/address/0xb5d85cbf7cb3ee0d56b3bb207d5fc4b82f43f511
0xddfabcdc4d8ffc6d5beaf154f18b778f892a0740,Coinbase 3,coinbase,8373026,327.84358054,0.0023506755944141576,0,0,hot/deposit,0.497014,https://etherscan.io/address/0xddfabcdc4d8ffc6d5beaf154f18b778f892a0740
0xeb2629a2734e272bcc07bda959863f316f4bd4cf,Coinbase 6,coinbase,7806502,112.51478291,0.002255937471438241,0,0,hot/deposit,0.495119,https://etherscan.io/address/0xeb2629a2734e272bcc07bda959863f316f4bd4cf
0x2faf487a4414fe77e2327f0bf4ae2a264a776ad2,FTX Exchange,ftx exchange,5452989,0.23432172,0.0020752671212069646,0,0,exchange,0.491505,https://etherscan.io/address/0x2faf487a4414fe77e2327f0bf4ae2a264a776ad2
0x689c56aef474df92d44a1b70850f808488f9769c,KuCoin 2,kucoin,1005519,0.23239497,0.0019120796060267595,0,0,hot/deposit,0.488242,https://etherscan.io/address/0x689c56aef474df92d44a1b70850f808488f9769c
0xc098b2a3aa256d2140208c3de6543aaef5cd3a94,FTX Exchange 2,ftx exchange,4106290,0.00062639,0.0018136804693156914,0,0,hot/deposit,0.486274,https://etherscan.io/address/0xc098b2a3aa256d2140208c3de6543aaef5cd3a94
0xe94b04a0fed112f3664e45adb2b8915693dd5ff3,Bittrex 2,bittrex,1653546,0.0,0.0010799605983047482,0,0,hot/deposit,0.471599,https://etherscan.io/address/0xe94b04a0fed112f3664e45adb2b8915693dd5ff3
0x18916e1a2933cb349145a280473a5de8eb6630cb,Huobi 21,huobi,1571814,96.33081795,0.0010205888019207683,0,0,hot/deposit,0.470412,https://etherscan.io/address/0x18916e1a2933cb349145a280473a5de8eb6630cb
0x503828976d22510aad0201ac7ec88293211d23da,Coinbase 2,coinbase,2099362,69.7096304,0.0009869120731741507,0,0,hot/deposit,0.469738,https://etherscan.io/address/0x503828976d22510aad0201ac7ec88293211d23da
0x71660c4005ba85c37ccec55d0c4493e66fe775d3,Coinbase 1,coinbase,1561169,65.42905204,0.0008313819339158775,0,0,hot/deposit,0.466628,https://etherscan.io/address/0x71660c4005ba85c37ccec55d0c4493e66fe775d3
0x6262998ced04146fa42253a5c0af90ca02dfd2a3,Crypto.com,crypto.com,1183099,109576.75939316,0.0008115027655987103,0,0,exchange,0.46623,https://etherscan.io/address/0x6262998ced04146fa42253a5c0af90ca02dfd2a3
0x4d9ff50ef4da947364bb9650892b2554e7be5e2b,Binance 19,binance,1800552,95.16515317,0.0005660017252094322,0,0,hot/deposit,0.46132,https://etherscan.io/address/0x4d9ff50ef4da947364bb9650892b2554e7be5e2b
0x708396f17127c42383e3b9014072679b2f60b82f,Binance 11,binance,1239495,0.56399191,0.00048255730968303583,0,0,hot/deposit,0.459651,https://etherscan.io/address/0x708396f17127c42383e3b9014072679b2f60b82f
0x85b931a32a0725be14285b66f1a22178c672d69b,Binance 10,binance,1221122,0.07044718,0.00047982474552918613,0,0,hot/deposit,0.459596,https://etherscan.io/address/0x85b931a32a0725be14285b66f1a22178c672d69b
0x236f9f97e0e62388479bf9e5ba4889e46b0273c3,OKEx 2,okx,868652,0.78826628,0.001895066904183961,0,0,hot/deposit,0.428795,https://etherscan.io/address/0x236f9f97e0e62388479bf9e5ba4889e46b0273c3
0xcac725bef4f114f728cbcfd744a731c2a463c3fc,Huobi 34,huobi,873483,1.45389965,0.0006996481578997269,0,0,hot/deposit,0.40706,https://etherscan.io/address/0xcac725bef4f114f728cbcfd744a731c2a463c3fc
0xae2d4617c862309a3d75a0ffb358c7a5009c673f,Kraken 10,kraken,724896,190.19955269,0.0022450251236225322,0,0,hot/deposit,0.371104,https://etherscan.io/address/0xae2d4617c862309a3d75a0ffb358c7a5009c673f
0x28ffe35688ffffd0659aee2e34778b0ae4e193ad,Huobi 33,huobi,716914,0.61887891,0.0006276917995342377,0,0,hot/deposit,0.335165,https://etherscan.io/address/0x28ffe35688ffffd0659aee2e34778b0ae4e193ad
0xeec606a66edb6f497662ea31b5eb1610da87ab5f,Huobi 16,huobi,660407,9.52922714,0.0006017221762872431,0,0,hot/deposit,0.309218,https://etherscan.io/address/0xeec606a66edb6f497662ea31b5eb1610da87ab5f
0xe0f0cfde7ee664943906f17f7f14342e76a5cec7,Binance 12,binance,551806,0.02997637,0.0003802792761339811,0,0,hot/deposit,0.255918,https://etherscan.io/address/0xe0f0cfde7ee664943906f17f7f14342e76a5cec7
0x1151314c646ce4e0efd76d1af4760ae66a9fe30f,Bitfinex 1,bitfinex,391319,9.9617374,0.003913622386482718,0,0,hot/deposit,0.254366,https://etherscan.io/address/0x1151314c646ce4e0efd76d1af4760ae66a9fe30f
0x8f22f2063d253846b53609231ed80fa571bc0c8f,Binance 13,binance,545213,0.08512119,0.00037929871795261,0,0,hot/deposit,0.252932,https://etherscan.io/address/0x8f22f2063d253846b53609231ed80fa571bc0c8f
0x562680a4dc50ed2f14d75bf31f494cfe0b8d10a1,Hotbit 3,hotbit,446357,610.58323531,0.0018189403295669011,0,0,deposit/hot,0.237239,https://etherscan.io/address/0x562680a4dc50ed2f14d75bf31f494cfe0b8d10a1
0xf056f435ba0cc4fcd2f1b17e3766549ffc404b94,Huobi 23,huobi,491279,54.06083172,0.000523993922433425,0,0,hot/deposit,0.231555,https://etherscan.io/address/0xf056f435ba0cc4fcd2f1b17e3766549ffc404b94
0x794d28ac31bcb136294761a556b68d2634094153,Huobi 29,huobi,462765,8.02602153,0.0005108893895920991,0,0,hot/deposit,0.218462,https://etherscan.io/address/0x794d28ac31bcb136294761a556b68d2634094153
0xe59cd29be3be4461d79c0881d238cbe87d64595a,Kucoin 7,kucoin,424519,0.09572619,0.001103111888231795,0,0,hot/deposit,0.213096,https://etherscan.io/address/0xe59cd29be3be4461d79c0881d238cbe87d64595a
0x0577a79cfc63bbc0df38833ff4c4a3bf2095b404,Huobi 27,huobi,437039,0.093139,0.0004990661725101061,0,0,hot/deposit,0.206649,https://etherscan.io/address/0x0577a79cfc63bbc0df38833ff4c4a3bf2095b404
0x73f8fc2e74302eb2efda125a326655acf0dc2d1b,Huobi 35,huobi,427360,0.24131065,0.0004946178743628382,0,0,hot/deposit,0.202204,https://etherscan.io/address/0x73f8fc2e74302eb2efda125a326655acf0dc2d1b
0x3052cd6bf951449a984fe4b5a38b46aef9455c8e,Bithumb 2,bithumb,207792,0.02023213,0.005356069919393984,0,0,hot/deposit,0.200628,https://etherscan.io/address/0x3052cd6bf951449a984fe4b5a38b46aef9455c8e
0x5c985e89dde482efe97ea9f1950ad149eb73829b,Huobi 5,huobi,418881,173.99505676,0.0004907210751076793,0,0,hot/deposit,0.198311,https://etherscan.io/address/0x5c985e89dde482efe97ea9f1950ad149eb73829b
0xf66852bc122fd40bfecc63cd48217e88bda12109,Huobi 37,huobi,368979,2.65027798,0.0004677869936793337,0,0,hot/deposit,0.175396,https://etherscan.io/address/0xf66852bc122fd40bfecc63cd48217e88bda12109
0x6fc82a5fe25a5cdb58bc74600a40a69c065263f8,Gemini 2,gemini,324740,0.0,0.001302386666757916,0,0,hot/deposit,0.172181,https://etherscan.io/address/0x6fc82a5fe25a5cdb58bc74600a40a69c065263f8
0x034f854b44d28e26386c1bc37ff9b20c6380b00d,Huobi 26,huobi,360235,0.00523343,0.00046376840508550066,0,0,hot/deposit,0.171381,https://etherscan.io/address/0x034f854b44d28e26386c1bc37ff9b20c6380b00d
0x58c2cb4a6bee98c309215d0d2a38d7f8aa71211c,Huobi 39,huobi,355577,6.23840046,0.0004616276702192983,0,0,hot/deposit,0.169242,https://etherscan.io/address/0x58c2cb4a6bee98c309215d0d2a38d7f8aa71211c
0x88d34944cf554e9cccf4a24292d891f620e9c94f,Bithumb 1,bithumb,133163,0.0,0.004652298694721027,0,0,hot/deposit,0.152969,https://etherscan.io/address/0x88d34944cf554e9cccf4a24292d891f620e9c94f
0x5861b8446a2f6e19a067874c133f04c578928727,Huobi 14,huobi,307803,0.00071363,0.0004396715801596257,0,0,hot/deposit,0.147305,https://etherscan.io/address/0x5861b8446a2f6e19a067874c133f04c578928727
0xd8a83b72377476d0a66683cde20a8aad0b628713,Huobi 19,huobi,284434,0.72401994,0.00042893159881821633,0,0,hot/deposit,0.136574,https://etherscan.io/address/0xd8a83b72377476d0a66683cde20a8aad0b628713
0x2140efd7ba31169c69dfff6cdc66c542f0211825,Bithumb 3,bithumb,109473,0.0029,0.004222676049416908,0,0,hot/deposit,0.133716,https://etherscan.io/address/0x2140efd7ba31169c69dfff6cdc66c542f0211825
0x137ad9c4777e1d36e4b605e745e8f37b2b62e9c5,Huobi 24,huobi,251074,0.02125744,0.0004135999296175909,0,0,hot/deposit,0.121255,https://etherscan.io/address/0x137ad9c4777e1d36e4b605e745e8f37b2b62e9c5
0x926fc576b7facf6ae2d08ee2d4734c134a743988,Huobi 15,huobi,250862,0.0010559,0.0004135024981466517,0,0,hot/deposit,0.121158,https://etherscan.io/address/0x926fc576b7facf6ae2d08ee2d4734c134a743988
0x3fbe1f8fc5ddb27d428aa60f661eaaab0d2000ce,Bithumb: Contract 1,bithumb,83834,16.59320371,0.0035328548531200024,0,0,hot/deposit,0.108382,https://etherscan.io/address/0x3fbe1f8fc5ddb27d428aa60f661eaaab0d2000ce
0xc6bed363b30df7f35b601a5547fe56cd31ec63da,Kraken 8,kraken,189738,257.16494317,0.001099929630411464,0,0,hot/deposit,0.107381,https://etherscan.io/address/0xc6bed363b30df7f35b601a5547fe56cd31ec63da
0x0536806df512d6cdde913cf95c9886f65b1d3462,Poloniex: GNT,poloniex,164350,0.01136652,0.0016340953395767065,0,0,exchange,0.106639,https://etherscan.io/address/0x0536806df512d6cdde913cf95c9886f65b1d3462
0xfa4b5be3f2f84f56703c42eb22142744e95a2c58,Huobi 11,huobi,208991,178.59626753,0.00039425932305374445,0,0,hot/deposit,0.101931,https://etherscan.io/address/0xfa4b5be3f2f84f56703c42eb22142744e95a2c58
0x7ef35bb398e0416b81b019fea395219b65c52164,Huobi 17,huobi,202655,15.98998987,0.00039134740890340984,0,0,hot/deposit,0.099022,https://etherscan.io/address/0x7ef35bb398e0416b81b019fea395219b65c52164
0x6f48a3e70f0251d1e83a989e62aaa2281a6d5380,Huobi 22,huobi,195981,1.14906112,0.00038828015589846456,0,0,hot/deposit,0.095957,https://etherscan.io/address/0x6f48a3e70f0251d1e83a989e62aaa2281a6d5380
0x90e9ddd9d8d5ae4e3763d0cf856c97594dea7325,Huobi 20,huobi,157892,2.13287651,0.0003707751214805203,0,0,hot/deposit,0.078467,https://etherscan.io/address/0x90e9ddd9d8d5ae4e3763d0cf856c97594dea7325
0xa8660c8ffd6d578f657b72c0c811284aef0b735e,Huobi 8,huobi,155930,0.0,0.00036987342079192236,0,0,hot/deposit,0.077566,https://etherscan.io/address/0xa8660c8ffd6d578f657b72c0c811284aef0b735e
0xfb8131c260749c7835a08ccbdb64728de432858e,BitMEX 2,bitmex,34185,1741.72444001,0.002819133432345615,0,0,hot/deposit,0.071766,https://etherscan.io/address/0xfb8131c260749c7835a08ccbdb64728de432858e
0x5401dbf7da53e1c9dbf484e3d69505815f2f5e6e,Huobi 25,huobi,138968,23.55360528,0.0003620779839519641,0,0,hot/deposit,0.069777,https://etherscan.io/address/0x5401dbf7da53e1c9dbf484e3d69505815f2f5e6e
0xab11204cfeaccffa63c2d23aef2ea9accdb0a0d5,Poloniex: REP,poloniex,94608,0.0116446,0.0012982261315698659,0,0,exchange,0.068538,https://etherscan.io/address/0xab11204cfeaccffa63c2d23aef2ea9accdb0a0d5
0x66c57bf505a85a74609d2c83e94aabb26d691e1f,Kraken 12,kraken,102250,175.21010483,0.000850044741966141,0,0,hot/deposit,0.063013,https://etherscan.io/address/0x66c57bf505a85a74609d2c83e94aabb26d691e1f
0xead6be34ce315940264519f250d8160f369fa5cd,Poloniex: ZRX,poloniex,83832,2.12186683,0.0012300223222884358,0,0,exchange,0.062325,https://etherscan.io/address/0xead6be34ce315940264519f250d8160f369fa5cd
0x0c6c34cdd915845376fb5407e0895196c9dd4eec,Huobi 28,huobi,80290,0.00394566,0.0003351106072926626,0,0,hot/deposit,0.042833,https://etherscan.io/address/0x0c6c34cdd915845376fb5407e0895196c9dd4eec
0x36b01066b7fa4a0fdb2968ea0256c848e9135674,Poloniex: OMG,poloniex,48958,0.0,0.0009546041212616881,0,0,exchange,0.041123,https://etherscan.io/address/0x36b01066b7fa4a0fdb2968ea0256c848e9135674
0x1ccbdff6336b1027995a27a77b41fa87eb6608a3,nan,nan,0,0.0,0.0019880715705765406,0,0,exchange,0.039761,https://etherscan.io/address/0x1ccbdff6336b1027995a27a77b41fa87eb6608a3
0xbb3fd383d1c5540e52ef0a7bcb9433375793aeaf,nan,nan,0,0.0,0.0019880715705765406,0,0,exchange,0.039761,https://etherscan.io/address/0xbb3fd383d1c5540e52ef0a7bcb9433375793aeaf
0x4dc98c79a52968a6c20ce9a7a08d5e8d1c2d5605,nan,nan,0,0.0,0.0019880715705765406,0,0,exchange,0.039761,https://etherscan.io/address/0x4dc98c79a52968a6c20ce9a7a08d5e8d1c2d5605
0x05f51aab068caa6ab7eeb672f88c180f67f17ec7,ABCC,abcc,0,0.0,0.0019880715705765406,0,0,exchange,0.039761,https://etherscan.io/address/0x05f51aab068caa6ab7eeb672f88c180f67f17ec7
0x2ddd202174a72514ed522e77972b461b03155525,Alcumex Exchange,alcumex exchange,0,0.0,0.0019880715705765406,0,0,exchange,0.039761,https://etherscan.io/address/0x2ddd202174a72514ed522e77972b461b03155525
0xaecbe94703df39b49ac440feb177c7f1f782c064,APROBIT,aprobit,0,0.0,0.0019880715705765406,0,0,exchange,0.039761,https://etherscan.io/address/0xaecbe94703df39b49ac440feb177c7f1f782c064
0xf0c80fb9fb22bef8269cb6feb9a51130288a671f,Artis Turba Exchange 1,artis turba exchange,0,0.0,0.0019880715705765406,0,0,hot/deposit,0.039761,https://etherscan.io/address/0xf0c80fb9fb22bef8269cb6feb9a51130288a671f
0x94597850916a49b3b152ee374e97260b99249f5b,Artis Turba Exchange 2,artis turba exchange,0,0.0,0.0019880715705765406,0,0,hot/deposit,0.039761,https://etherscan.io/address/0x94597850916a49b3b152ee374e97260b99249f5b
0x82a403c14483931b2ff6e4440c8373ccfee698b8,ArzPaya.com,arzpaya.com,0,0.0,0.0019880715705765406,0,0,exchange,0.039761,https://etherscan.io/address/0x82a403c14483931b2ff6e4440c8373ccfee698b8
0x03bdf69b1322d623836afbd27679a1c0afa067e9,AscendEX 1,ascendex,0,0.0,0.0019880715705765406,0,0,hot/deposit,0.039761,https://etherscan.io/address/0x03bdf69b1322d623836afbd27679a1c0afa067e9
0x4b1a99467a284cc690e3237bc69105956816f762,AscendEX 2,ascendex,0,0.0,0.0019880715705765406,0,0,hot/deposit,0.039761,https://etherscan.io/address/0x4b1a99467a284cc690e3237bc69105956816f762
0x986a2fca9eda0e06fbf7839b89bfc006ee2a23dd,AscendEX 3,ascendex,0,0.0,0.0019880715705765406,0,0,hot/deposit,0.039761,https://etherscan.io/address/0x986a2fca9eda0e06fbf7839b89bfc006ee2a23dd
0x4df5f3610e2471095a130d7d934d551f3dde01ed,ATAIX,ataix,0,0.0,0.0019880715705765406,0,0,exchange,0.039761,https://etherscan.io/address/0x4df5f3610e2471095a130d7d934d551f3dde01ed
0x92dbd8e0a46edd62aa42d1f7902d0e496bddc15a,Azbit,azbit,0,0.0,0.0019880715705765406,0,0,exchange,0.039761,https://etherscan.io/address/0x92dbd8e0a46edd62aa42d1f7902d0e496bddc15a
0xadb72986ead16bdbc99208086bd431c1aa38938e,Beaxy,beaxy,0,0.0,0.0019880715705765406,0,0,exchange,0.039761,https://etherscan.io/address/0xadb72986ead16bdbc99208086bd431c1aa38938e
0x258b7b9a1ba92f47f5f4f5e733293477620a82cb,Beldex,beldex,0,0.0,0.0019880715705765406,0,0,exchange,0.039761,https://etherscan.io/address/0x258b7b9a1ba92f47f5f4f5e733293477620a82cb
0x7a10ec7d68a048bdae36a70e93532d31423170fa,Bgogo 1,bgogo,0,0.0,0.0019880715705765406,0,0,hot/deposit,0.039761,https://etherscan.io/address/0x7a10ec7d68a048bdae36a70e93532d31423170fa
0xce1bf8e51f8b39e51c6184e059786d1c0eaf360f,Bgogo 2,bgogo,0,0.0,0.0019880715705765406,0,0,hot/deposit,0.039761,https://etherscan.io/address/0xce1bf8e51f8b39e51c6184e059786d1c0eaf360f
0xf73c3c65bde10bf26c2e1763104e609a41702efe,Bibox,bibox,0,0.0,0.0019880715705765406,0,0,exchange,0.039761,https://etherscan.io/address/0xf73c3c65bde10bf26c2e1763104e609a41702efe
0x0bb5de248dbbd31ee6c402c3c4a70293024acf74,Bidesk 2,bidesk,0,0.0,0.0019880715705765406,0,0,hot/deposit,0.039761,https://etherscan.io/address/0x0bb5de248dbbd31ee6c402c3c4a70293024acf74
0xed5cdb0d02152046e6f234ad578613831b9184d4,Bidesk 3,bidesk,0,0.0,0.0019880715705765406,0,0,hot/deposit,0.039761,https://etherscan.io/address/0xed5cdb0d02152046e6f234ad578613831b9184d4
0xa30d8157911ef23c46c0eb71889efe6a648a41f7,BigONE,bigone,0,0.0,0.0019880715705765406,0,0,exchange,0.039761,https://etherscan.io/address/0xa30d8157911ef23c46c0eb71889efe6a648a41f7
0x6eff3372fa352b239bb24ff91b423a572347000d,BIKI.com,biki.com,0,0.0,0.0019880715705765406,0,0,exchange,0.039761,https://etherscan.io/address/0x6eff3372fa352b239bb24ff91b423a572347000d
0xf7793d27a1b76cdf14db7c83e82c772cf7c92910,Bilaxy 1,bilaxy,0,0.0,0.0019880715705765406,0,0,hot/deposit,0.039761,https://etherscan.io/address/0xf7793d27a1b76cdf14db7c83e82c772cf7c92910
0xcce8d59affdd93be338fc77fa0a298c2cb65da59,Bilaxy 2,bilaxy,0,0.0,0.0019880715705765406,0,0,hot/deposit,0.039761,https://etherscan.io/address/0xcce8d59affdd93be338fc77fa0a298c2cb65da59
0x4b729cf402cfcffd057e254924b32241aedc1795,Bit-Z,unknown,0,0.0,0.0019880715705765406,0,0,exchange,0.039761,https://etherscan.io/address/0x4b729cf402cfcffd057e254924b32241aedc1795
0x7c49e1c0e33f3efb57d64b7690fa287c8d15b90a,nan,nan,0,0.0,0.0019880715705765406,0,0,exchange,0.039761,https://etherscan.io/address/0x7c49e1c0e33f3efb57d64b7690fa287c8d15b90a
0x0d8824ca76e627e9cc8227faa3b3993986ce9e48,BitBase 1,bitbase,0,0.0,0.0019880715705765406,0,0,hot/deposit,0.039761,https://etherscan.io/address/0x0d8824ca76e627e9cc8227faa3b3993986ce9e48
0x6dcd15a0dbefd0700063a4445382d3506391a41a,BitBase 2,bitbase,0,0.0,0.0019880715705765406,0,0,hot/deposit,0.039761,https://etherscan.io/address/0x6dcd15a0dbefd0700063a4445382d3506391a41a
0x2b49ce21ad2004cfb3d0b51b2e8ec0406d632513,Bitbee,bitbee,0,0.0,0.0019880715705765406,0,0,exchange,0.039761,https://etherscan.io/address/0x2b49ce21ad2004cfb3d0b51b2e8ec0406d632513
0x5d375281582791a38e0348915fa9cbc6139e9c2a,BitBlinx,bitblinx,0,0.0,0.0019880715705765406,0,0,exchange,0.039761,https://etherscan.io/address/0x5d375281582791a38e0348915fa9cbc6139e9c2a
0x7a91a362d4f2c9c4627688d5b7090bbb12e5715f,Bitci,bitci,0,0.0,0.0019880715705765406,0,0,exchange,0.039761,https://etherscan.io/address/0x7a91a362d4f2c9c4627688d5b7090bbb12e5715f
0x28ebe764b8f9a853509840645216d3c2c0fd774b,BiteBTC,bitebtc,0,0.0,0.0019880715705765406,0,0,exchange,0.039761,https://etherscan.io/address/0x28ebe764b8f9a853509840645216d3c2c0fd774b
0x7217d64f77041ce320c356d1a2185bcb89798a0a,Bitexlive,bitexlive,0,0.0,0.0019880715705765406,0,0,exchange,0.039761,https://etherscan.io/address/0x7217d64f77041ce320c356d1a2185bcb89798a0a
0x57a47cfe647306a406118b6cf36459a1756823d0,Bitexlive 2,bitexlive,0,0.0,0.0019880715705765406,0,0,hot/deposit,0.039761,https://etherscan.io/address/0x57a47cfe647306a406118b6cf36459a1756823d0
0x111cff45948819988857bbf1966a0399e0d1141e,bitFlyer,bitflyer,0,0.0,0.0019880715705765406,0,0,exchange,0.039761,https://etherscan.io/address/0x111cff45948819988857bbf1966a0399e0d1141e
0xdf5021a4c1401f1125cd347e394d977630e17cf7,BITFRONT,bitfront,0,0.0,0.0019880715705765406,0,0,exchange,0.039761,https://etherscan.io/address/0xdf5021a4c1401f1125cd347e394d977630e17cf7
0x603d022611bfe6a101dcdab207d96c527f1d4d8e,BitKeep: NFT Exchange,unknown,0,0.0,0.0019880715705765406,0,0,exchange,0.039761,https://etherscan.io/address/0x603d022611bfe6a101dcdab207d96c527f1d4d8e
0xdb044b8298e04d442fdbe5ce01b8cc8f77130e33,Bitkub Hot Wallet 1,bitkub,0,0.0,0.0019880715705765406,0,0,deposit/hot,0.039761,https://etherscan.io/address/0xdb044b8298e04d442fdbe5ce01b8cc8f77130e33
0xe79eef9b9388a4ff70ed7ec5bccd5b928ebb8bd1,BitMart,bitmart,0,0.0,0.0019880715705765406,0,0,exchange,0.039761,https://etherscan.io/address/0xe79eef9b9388a4ff70ed7ec5bccd5b928ebb8bd1
0x68b22215ff74e3606bd5e6c1de8c2d68180c85f7,BitMart 2,bitmart,0,0.0,0.0019880715705765406,0,0,hot/deposit,0.039761,https://etherscan.io/address/0x68b22215ff74e3606bd5e6c1de8c2d68180c85f7
0x6cc8dcbca746a6e4fdefb98e1d0df903b107fd21,Bitrue,bitrue,0,0.0,0.0019880715705765406,0,0,exchange,0.039761,https://etherscan.io/address/0x6cc8dcbca746a6e4fdefb98e1d0df903b107fd21
0x1b8a38ea02ceda9440e00c1aeba26ee2dc570423,BITStorage,bitstorage,0,0.0,0.0019880715705765406,0,0,exchange,0.039761,https://etherscan.io/address/0x1b8a38ea02ceda9440e00c1aeba26ee2dc570423
0xaa90b4aae74cee41e004bc45e45a427406c4dcae,BitUN.io 1,bitun.io,0,0.0,0.0019880715705765406,0,0,hot/deposit,0.039761,https://etherscan.io/address/0xaa90b4aae74cee41e004bc45e45a427406c4dcae
0xf8d04a720520d0bcbc722b1d21ca194aa22699f2,BitUN.io 2,bitun.io,0,0.0,0.0019880715705765406,0,0,hot/deposit,0.039761,https://etherscan.io/address/0xf8d04a720520d0bcbc722b1d21ca194aa22699f2
0xfb9f7f41319157ac5c5dccae308a63a4337ad5d9,Bity.com,bity.com,0,0.0,0.0019880715705765406,0,0,exchange,0.039761,https://etherscan.io/address/0xfb9f7f41319157ac5c5dccae308a63a4337ad5d9
0x00cdc153aa8894d08207719fe921fff964f28ba3,Bitzlato,bitzlato,0,0.0,0.0019880715705765406,0,0,exchange,0.039761,https://etherscan.io/address/0x00cdc153aa8894d08207719fe921fff964f28ba3
0x25eaff5b179f209cf186b1cdcbfa463a69df4c45,Blockfolio,blockfolio,0,0.0,0.0019880715705765406,0,0,exchange,0.039761,https://etherscan.io/address/0x25eaff5b179f209cf186b1cdcbfa463a69df4c45
0x007174732705604bbbf77038332dc52fd5a5000c,BlockTrades Exchange,blocktrades exchange,0,0.0,0.0019880715705765406,0,0,exchange,0.039761,https://etherscan.io/address/0x007174732705604bbbf77038332dc52fd5a5000c
0xdf8752caa319668006580ddf48db25a23728b926,Bololex.com,bololex.com,0,0.0,0.0019880715705765406,0,0,exchange,0.039761,https://etherscan.io/address/0xdf8752caa319668006580ddf48db25a23728b926
0x1c00d840ccaa67c494109f46e55cfeb2d8562f5c,BTC-Alpha Exchange,unknown,0,0.0,0.0019880715705765406,0,0,exchange,0.039761,https://etherscan.io/address/0x1c00d840ccaa67c494109f46e55cfeb2d8562f5c
0x73957709695e73fd175582105c44743cf0fb6f2f,Bw.com,bw.com,0,0.0,0.0019880715705765406,0,0,exchange,0.039761,https://etherscan.io/address/0x73957709695e73fd175582105c44743cf0fb6f2f
0xd7c866d0d536937bf9123e02f7c052446588189f,C2CX: Hot Wallet,unknown,0,0.0,0.0019880715705765406,0,0,deposit/hot,0.039761,https://etherscan.io/address/0xd7c866d0d536937bf9123e02f7c052446588189f
0x88988d6ef12d7084e34814b9edafa01ae0d05082,CamboChanger 2,cambochanger,0,0.0,0.0019880715705765406,0,0,hot/deposit,0.039761,https://etherscan.io/address/0x88988d6ef12d7084e34814b9edafa01ae0d05082
0x72bcfa6932feacd91cb2ea44b0731ed8ae04d0d3,Cashierest,cashierest,0,0.0,0.0019880715705765406,0,0,exchange,0.039761,https://etherscan.io/address/0x72bcfa6932feacd91cb2ea44b0731ed8ae04d0d3
0x7a56f645dcb513d0326cbaa048e9106ff6d4cd5f,Catex Exchange,catex exchange,0,0.0,0.0019880715705765406,0,0,exchange,0.039761,https://etherscan.io/address/0x7a56f645dcb513d0326cbaa048e9106ff6d4cd5f
0xfd648cc72f1b4e71cbdda7a0a91fe34d32abd656,ChainX,chainx,0,0.0,0.0019880715705765406,0,0,exchange,0.039761,https://etherscan.io/address/0xfd648cc72f1b4e71cbdda7a0a91fe34d32abd656
0x96fc4553a00c117c5b0bed950dd625d1c16dc894,Changelly,changelly,0,0.0,0.0019880715705765406,0,0,exchange,0.039761,https://etherscan.io/address/0x96fc4553a00c117c5b0bed950dd625d1c16dc894
0x8958618332df62af93053cb9c535e26462c959b0,Cobinhood 1,cobinhood,0,0.0,0.0019880715705765406,0,0,hot/deposit,0.039761,https://etherscan.io/address/0x8958618332df62af93053cb9c535e26462c959b0
0xb726da4fbdc3e4dbda97bb20998cf899b0e727e0,Cobinhood 2,cobinhood,0,0.0,0.0019880715705765406,0,0,hot/deposit,0.039761,https://etherscan.io/address/0xb726da4fbdc3e4dbda97bb20998cf899b0e727e0
0x9539e0b14021a43cde41d9d45dc34969be9c7cb0,Coinbene,coinbene,0,0.0,0.0019880715705765406,0,0,exchange,0.039761,https://etherscan.io/address/0x9539e0b14021a43cde41d9d45dc34969be9c7cb0
0x33683b94334eebc9bd3ea85ddbda4a86fb461405,Coinbene: Cold Wallet,unknown,0,0.0,0.0019880715705765406,0,0,cold/reserve,0.039761,https://etherscan.io/address/0x33683b94334eebc9bd3ea85ddbda4a86fb461405
0xb6ba1931e4e74fd080587688f6db10e830f810d5,Coindelta,coindelta,0,0.0,0.0019880715705765406,0,0,exchange,0.039761,https://etherscan.io/address/0xb6ba1931e4e74fd080587688f6db10e830f810d5
0xbf1a97d8d4229d61b031214d5bbe9a5cb1e737f9,CoinDhan,coindhan,0,0.0,0.0019880715705765406,0,0,exchange,0.039761,https://etherscan.io/address/0xbf1a97d8d4229d61b031214d5bbe9a5cb1e737f9
0xb9ee1e551f538a464e8f8c41e9904498505b49b0,Coinex,coinex,0,0.0,0.0019880715705765406,0,0,exchange,0.039761,https://etherscan.io/address/0xb9ee1e551f538a464e8f8c41e9904498505b49b0
0x33ddd548fe3a082d753e5fe721a26e1ab43e3598,Coinex 2,coinex,0,0.0,0.0019880715705765406,0,0,hot/deposit,0.039761,https://etherscan.io/address/0x33ddd548fe3a082d753e5fe721a26e1ab43e3598
0x4b01721f0244e7c5b5f63c20942850e447f5a5ee,CoinExchange.io,coinexchange.io,0,0.0,0.0019880715705765406,0,0,exchange,0.039761,https://etherscan.io/address/0x4b01721f0244e7c5b5f63c20942850e447f5a5ee
0xd4bddf5e3d0435d7a6214a0b949c7bb58621f37c,Coinhako,coinhako,0,0.0,0.0019880715705765406,0,0,exchange,0.039761,https://etherscan.io/address/0xd4bddf5e3d0435d7a6214a0b949c7bb58621f37c
0xa270f3ad1a7a82e6a3157f12a900f1e25bc4fbfd,CoinMetro Exchange,coinmetro exchange,0,0.0,0.0019880715705765406,0,0,exchange,0.039761,https://etherscan.io/address/0xa270f3ad1a7a82e6a3157f12a900f1e25bc4fbfd
0xd0808da05cc71a9f308d330bc9c5c81bbc26fc59,Coinswitch,coinswitch,0,0.0,0.0019880715705765406,0,0,exchange,0.039761,https://etherscan.io/address/0xd0808da05cc71a9f308d330bc9c5c81bbc26fc59
0x8705ccfd8a6df3785217c307cbebf9b793310b94,CoinW,coinw,0,0.0,0.0019880715705765406,0,0,exchange,0.039761,https://etherscan.io/address/0x8705ccfd8a6df3785217c307cbebf9b793310b94
0xcb243bf48fb443082fae7db47ec96cb120cd6801,CoinW 2,coinw,0,0.0,0.0019880715705765406,0,0,hot/deposit,0.039761,https://etherscan.io/address/0xcb243bf48fb443082fae7db47ec96cb120cd6801
0x429bf8ec3330e02401d72beade86000d9a2e19eb,CoinW 3,coinw,0,0.0,0.0019880715705765406,0,0,hot/deposit,0.039761,https://etherscan.io/address/0x429bf8ec3330e02401d72beade86000d9a2e19eb
0x6f31d347457962c9811ff953742870ef5a755de3,CoinW 4,coinw,0,0.0,0.0019880715705765406,0,0,hot/deposit,0.039761,https://etherscan.io/address/0x6f31d347457962c9811ff953742870ef5a755de3
0x0d6b5a54f940bf3d52e438cab785981aaefdf40c,COSS.io 1,coss.io,0,0.0,0.0019880715705765406,0,0,hot/deposit,0.039761,https://etherscan.io/address/0x0d6b5a54f940bf3d52e438cab785981aaefdf40c
0xd1560b3984b7481cd9a8f40435a53c860187174d,COSS.io: Old Warm Wallet,unknown,0,0.0,0.0019880715705765406,0,0,exchange,0.039761,https://etherscan.io/address/0xd1560b3984b7481cd9a8f40435a53c860187174d
0x43f07efe28e092a0fe4ec5b5662022b461ffac80,COSS.io: Warm Wallet,unknown,0,0.0,0.0019880715705765406,0,0,exchange,0.039761,https://etherscan.io/address/0x43f07efe28e092a0fe4ec5b5662022b461ffac80
0x521db06bf657ed1d6c98553a70319a8ddbac75a3,CREX24,crex24,0,0.0,0.0019880715705765406,0,0,exchange,0.039761,https://etherscan.io/address/0x521db06bf657ed1d6c98553a70319a8ddbac75a3
0x5baeac0a0417a05733884852aa068b706967e790,Cryptopia 1,cryptopia,0,0.0,0.0019880715705765406,0,0,hot/deposit,0.039761,https://etherscan.io/address/0x5baeac0a0417a05733884852aa068b706967e790
0x2984581ece53a4390d1f568673cf693139c97049,Cryptopia 2,cryptopia,0,0.0,0.0019880715705765406,0,0,hot/deposit,0.039761,https://etherscan.io/address/0x2984581ece53a4390d1f568673cf693139c97049
0xe17ee7b3c676701c66b395a35f0df4c2276a344e,DigiFinex,digifinex,0,0.0,0.0019880715705765406,0,0,exchange,0.039761,https://etherscan.io/address/0xe17ee7b3c676701c66b395a35f0df4c2276a344e
0x2101e480e22c953b37b9d0fe6551c1354fe705e6,DMEX,dmex,0,0.0,0.0019880715705765406,0,0,exchange,0.039761,https://etherscan.io/address/0x2101e480e22c953b37b9d0fe6551c1354fe705e6
0xf1c525a488a848b58b95d79da48c21ce434290f7,Eidoo,eidoo,0,0.0,0.0019880715705765406,0,0,exchange,0.039761,https://etherscan.io/address/0xf1c525a488a848b58b95d79da48c21ce434290f7
0x608f94df1c1d89ea13e5984d7bf107df137a6541,Eigen Fx,eigen fx,0,0.0,0.0019880715705765406,0,0,exchange,0.039761,https://etherscan.io/address/0x608f94df1c1d89ea13e5984d7bf107df137a6541
0xeb9ebf2c624ebee42e0853da6443ddc6c8020de7,Eigen Fx 2,eigen fx,0,0.0,0.0019880715705765406,0,0,hot/deposit,0.039761,https://etherscan.io/address/0xeb9ebf2c624ebee42e0853da6443ddc6c8020de7
0x8d76166c22658a144c0211d87abf152e6a2d9d95,Eterbase,eterbase,0,0.0,0.0019880715705765406,0,0,exchange,0.039761,https://etherscan.io/address/0x8d76166c22658a144c0211d87abf152e6a2d9d95
0xd3808c5d48903be1490989f3fce2a2b3890e8eb6,Exchange A,exchange a,0,0.0,0.0019880715705765406,0,0,exchange,0.039761,https://etherscan.io/address/0xd3808c5d48903be1490989f3fce2a2b3890e8eb6
0x1fd6267f0d86f62d88172b998390afee2a1f54b6,Exmo 1,exmo,0,0.0,0.0019880715705765406,0,0,hot/deposit,0.039761,https://etherscan.io/address/0x1fd6267f0d86f62d88172b998390afee2a1f54b6
0xd7b9a9b2f665849c4071ad5af77d8c76aa30fb32,Exmo 2,exmo,0,0.0,0.0019880715705765406,0,0,hot/deposit,0.039761,https://etherscan.io/address/0xd7b9a9b2f665849c4071ad5af77d8c76aa30fb32
0x94fe3ad91dacba8ec4b82f56ff7c122181f1535d,Faa.st,faa.st,0,0.0,0.0019880715705765406,0,0,exchange,0.039761,https://etherscan.io/address/0x94fe3ad91dacba8ec4b82f56ff7c122181f1535d
0x915d7915f2b469bb654a7d903a5d4417cb8ea7df,FCoin,fcoin,0,0.0,0.0019880715705765406,0,0,exchange,0.039761,https://etherscan.io/address/0x915d7915f2b469bb654a7d903a5d4417cb8ea7df
0x4e5b2e1dc63f6b91cb6cd759936495434c7e972f,FixedFloat,fixedfloat,0,0.0,0.0019880715705765406,0,0,exchange,0.039761,https://etherscan.io/address/0x4e5b2e1dc63f6b91cb6cd759936495434c7e972f
0x14301566b9669b672878d86ff0b1d18dd58054e9,Flata.Exchange,flata.exchange,0,0.0,0.0019880715705765406,0,0,exchange,0.039761,https://etherscan.io/address/0x14301566b9669b672878d86ff0b1d18dd58054e9
0x91e18ee76483fa2ec5cfe2959df46673c2565be0,Flybit,flybit,0,0.0,0.0019880715705765406,0,0,exchange,0.039761,https://etherscan.io/address/0x91e18ee76483fa2ec5cfe2959df46673c2565be0
0x0021845f4c2604c58f9ba5b7bff58d16a2ab372c,Folgory Exchange,folgory exchange,0,0.0,0.0019880715705765406,0,0,exchange,0.039761,https://etherscan.io/address/0x0021845f4c2604c58f9ba5b7bff58d16a2ab372c
0x9f5ca0012b9b72e8f3db57092a6f26bf4f13dc69,GBX,gbx,0,0.0,0.0019880715705765406,0,0,exchange,0.039761,https://etherscan.io/address/0x9f5ca0012b9b72e8f3db57092a6f26bf4f13dc69
0x9fb01a2584aac5aae3fab1ed25f86c5269b32999,GGBTC.com,ggbtc.com,0,0.0,0.0019880715705765406,0,0,exchange,0.039761,https://etherscan.io/address/0x9fb01a2584aac5aae3fab1ed25f86c5269b32999
0x9c67e141c0472115aa1b98bd0088418be68fd249,HitBTC 1,hitbtc,0,0.0,0.0019880715705765406,0,0,hot/deposit,0.039761,https://etherscan.io/address/0x9c67e141c0472115aa1b98bd0088418be68fd249
0x59a5208b32e627891c389ebafc644145224006e8,HitBTC 2,hitbtc,0,0.0,0.0019880715705765406,0,0,hot/deposit,0.039761,https://etherscan.io/address/0x59a5208b32e627891c389ebafc644145224006e8
0xa12431d0b9db640034b0cdfceef9cce161e62be4,HitBTC 3,hitbtc,0,0.0,0.0019880715705765406,0,0,hot/deposit,0.039761,https://etherscan.io/address/0xa12431d0b9db640034b0cdfceef9cce161e62be4
0x980a4732c8855ffc8112e6746bd62095b4c2228f,Hoo.com,hoo.com,0,0.0,0.0019880715705765406,0,0,exchange,0.039761,https://etherscan.io/address/0x980a4732c8855ffc8112e6746bd62095b4c2228f
0xd0ec209ad2134899148bec8aef905a6e9997456a,Hoo.com 2,hoo.com,0,0.0,0.0019880715705765406,0,0,hot/deposit,0.039761,https://etherscan.io/address/0xd0ec209ad2134899148bec8aef905a6e9997456a
0x993b7fcba51d8f75c2dfaec0d17b6649ee0c9068,Hoo.com 3,hoo.com,0,0.0,0.0019880715705765406,0,0,hot/deposit,0.039761,https://etherscan.io/address/0x993b7fcba51d8f75c2dfaec0d17b6649ee0c9068
0xec293b9c56f06c8f71392269313d7e2da681d9ac,Hoo.com 4,hoo.com,0,0.0,0.0019880715705765406,0,0,hot/deposit,0.039761,https://etherscan.io/address/0xec293b9c56f06c8f71392269313d7e2da681d9ac
0x0093e5f2a850268c0ca3093c7ea53731296487eb,Hoo.com 5,hoo.com,0,0.0,0.0019880715705765406,0,0,hot/deposit,0.039761,https://etherscan.io/address/0x0093e5f2a850268c0ca3093c7ea53731296487eb
0x008932be50098089c6a075d35f4b5182ee549f8a,Hoo.com 6,hoo.com,0,0.0,0.0019880715705765406,0,0,hot/deposit,0.039761,https://etherscan.io/address/0x008932be50098089c6a075d35f4b5182ee549f8a
0x3c11c3025ce387d76c2eddf1493ec55a8cc2a0f7,Idax.global,idax.global,0,0.0,0.0019880715705765406,0,0,exchange,0.039761,https://etherscan.io/address/0x3c11c3025ce387d76c2eddf1493ec55a8cc2a0f7
0x51836a753e344257b361519e948ffcaf5fb8d521,Indodax 1,indodax,0,0.0,0.0019880715705765406,0,0,hot/deposit,0.039761,https://etherscan.io/address/0x51836a753e344257b361519e948ffcaf5fb8d521
0x9cbadd5ce7e14742f70414a6dcbd4e7bb8712719,Indodax 2,indodax,0,0.0,0.0019880715705765406,0,0,hot/deposit,0.039761,https://etherscan.io/address/0x9cbadd5ce7e14742f70414a6dcbd4e7bb8712719
0xb1a34309af7f29b4195a6b589737f86e14597ddc,IndoEx LTD,indoex ltd,0,0.0,0.0019880715705765406,0,0,exchange,0.039761,https://etherscan.io/address/0xb1a34309af7f29b4195a6b589737f86e14597ddc
0x352bdabe484499e4c25c3536cc3eda1edbc5ad29,KickEX,kickex,0,0.0,0.0019880715705765406,0,0,exchange,0.039761,https://etherscan.io/address/0x352bdabe484499e4c25c3536cc3eda1edbc5ad29
0xe8a0e282e6a3e8023465accd47fae39dd5db010b,Kryptono 1,kryptono,0,0.0,0.0019880715705765406,0,0,hot/deposit,0.039761,https://etherscan.io/address/0xe8a0e282e6a3e8023465accd47fae39dd5db010b
0x629a7144235259336ea2694167f3c8b856edd7dc,Kryptono 2,kryptono,0,0.0,0.0019880715705765406,0,0,hot/deposit,0.039761,https://etherscan.io/address/0x629a7144235259336ea2694167f3c8b856edd7dc
0x30b71d015f60e2f959743038ce0aaec9b4c1ea44,Kryptono 3,kryptono,0,0.0,0.0019880715705765406,0,0,hot/deposit,0.039761,https://etherscan.io/address/0x30b71d015f60e2f959743038ce0aaec9b4c1ea44
0xea81ce54a0afa10a027f65503bd52fba83d745b8,Kuna.io,kuna.io,0,0.0,0.0019880715705765406,0,0,exchange,0.039761,https://etherscan.io/address/0xea81ce54a0afa10a027f65503bd52fba83d745b8
0x77ab999d1e9f152156b4411e1f3e2a42dab8cd6d,Kuna.io 2,kuna.io,0,0.0,0.0019880715705765406,0,0,hot/deposit,0.039761,https://etherscan.io/address/0x77ab999d1e9f152156b4411e1f3e2a42dab8cd6d
0x0861fca546225fbf8806986d211c8398f7457734,LAToken,latoken,0,0.0,0.0019880715705765406,0,0,exchange,0.039761,https://etherscan.io/address/0x0861fca546225fbf8806986d211c8398f7457734
0x7891b20c690605f4e370d6944c8a5dbfac5a451c,LAToken 2,latoken,0,0.0,0.0019880715705765406,0,0,hot/deposit,0.039761,https://etherscan.io/address/0x7891b20c690605f4e370d6944c8a5dbfac5a451c
0x1b6c1a0e20af81b922cb454c3e52408496ee7201,LAToken 3,latoken,0,0.0,0.0019880715705765406,0,0,hot/deposit,0.039761,https://etherscan.io/address/0x1b6c1a0e20af81b922cb454c3e52408496ee7201
0x8271b2e8cbe29396e9563229030c89679b9470db,Liqui.io 1,liqui.io,0,0.0,0.0019880715705765406,0,0,hot/deposit,0.039761,https://etherscan.io/address/0x8271b2e8cbe29396e9563229030c89679b9470db
0x5e575279bf9f4acf0a130c186861454247394c06,Liqui.io 2,liqui.io,0,0.0,0.0019880715705765406,0,0,hot/deposit,0.039761,https://etherscan.io/address/0x5e575279bf9f4acf0a130c186861454247394c06
0xedbb72e6b3cf66a792bff7faac5ea769fe810517,Liquid 1,liquid,0,0.0,0.0019880715705765406,0,0,hot/deposit,0.039761,https://etherscan.io/address/0xedbb72e6b3cf66a792bff7faac5ea769fe810517
0xdf4b6fb700c428476bd3c02e6fa83e110741145b,Liquid 2,liquid,0,0.0,0.0019880715705765406,0,0,hot/deposit,0.039761,https://etherscan.io/address/0xdf4b6fb700c428476bd3c02e6fa83e110741145b
0xdb2cad4f306b47c9b35541988c7656f1bb092e15,Liquid 3,liquid,0,0.0,0.0019880715705765406,0,0,hot/deposit,0.039761,https://etherscan.io/address/0xdb2cad4f306b47c9b35541988c7656f1bb092e15
0x9cc2dce817093ceea82bb67a4cf43131fa354c06,Liquid 4,liquid,0,0.0,0.0019880715705765406,0,0,hot/deposit,0.039761,https://etherscan.io/address/0x9cc2dce817093ceea82bb67a4cf43131fa354c06
0x243bec9256c9a3469da22103891465b47583d9f1,Livecoin.net,livecoin.net,0,0.0,0.0019880715705765406,0,0,exchange,0.039761,https://etherscan.io/address/0x243bec9256c9a3469da22103891465b47583d9f1
0xaf1931c20ee0c11bea17a41bfbbad299b2763bc0,Luno 1,luno,0,0.0,0.0019880715705765406,0,0,hot/deposit,0.039761,https://etherscan.io/address/0xaf1931c20ee0c11bea17a41bfbbad299b2763bc0
0x416299aade6443e6f6e8ab67126e65a7f606eef5,Luno 2,luno,0,0.0,0.0019880715705765406,0,0,hot/deposit,0.039761,https://etherscan.io/address/0x416299aade6443e6f6e8ab67126e65a7f606eef5
0x477b8d5ef7c2c42db84deb555419cd817c336b6f,MaiCoin 1,maicoin,0,0.0,0.0019880715705765406,0,0,hot/deposit,0.039761,https://etherscan.io/address/0x477b8d5ef7c2c42db84deb555419cd817c336b6f
0xe03c23519e18d64f144d2800e30e81b0065c48b5,Mercatox,mercatox,0,0.0,0.0019880715705765406,0,0,exchange,0.039761,https://etherscan.io/address/0xe03c23519e18d64f144d2800e30e81b0065c48b5
0x3cc936b795a188f0e246cbb2d74c5bd190aecf18,Mexc.com 3,mexc.com,0,0.0,0.0019880715705765406,0,0,hot/deposit,0.039761,https://etherscan.io/address/0x3cc936b795a188f0e246cbb2d74c5bd190aecf18
0x75e89d5979e4f6fba9f97c104c2f0afb3f1dcb88,MEXC: Mexc.com,unknown,0,0.0,0.0019880715705765406,0,0,exchange,0.039761,https://etherscan.io/address/0x75e89d5979e4f6fba9f97c104c2f0afb3f1dcb88
0x0211f3cedbef3143223d3acf0e589747933e8527,MEXC: Mexc.com 2,unknown,0,0.0,0.0019880715705765406,0,0,hot/deposit,0.039761,https://etherscan.io/address/0x0211f3cedbef3143223d3acf0e589747933e8527
0xac338d9faac562df26d702880c796e1024e2698a,MinedTrade.com,minedtrade.com,0,0.0,0.0019880715705765406,0,0,exchange,0.039761,https://etherscan.io/address/0xac338d9faac562df26d702880c796e1024e2698a
0xae7006588d03bd15d6954e3084a7e644596bc251,NEXBIT Pro,nexbit pro,0,0.0,0.0019880715705765406,0,0,exchange,0.039761,https://etherscan.io/address/0xae7006588d03bd15d6954e3084a7e644596bc251
0x03e3ff995863828554282e80870b489cc31dc8bc,OMGFIN Exchange,omgfin exchange,0,0.0,0.0019880715705765406,0,0,exchange,0.039761,https://etherscan.io/address/0x03e3ff995863828554282e80870b489cc31dc8bc
0xaeec6f5aca72f3a005af1b3420ab8c8c7009bac8,OTCBTC,otcbtc,0,0.0,0.0019880715705765406,0,0,exchange,0.039761,https://etherscan.io/address/0xaeec6f5aca72f3a005af1b3420ab8c8c7009bac8
0xcacc694840ecebadd9b4c419e5b7f1d73fedf999,Panda.Exchange 1: Hot Wallet,panda.exchange,0,0.0,0.0019880715705765406,0,0,deposit/hot,0.039761,https://etherscan.io/address/0xcacc694840ecebadd9b4c419e5b7f1d73fedf999
0xb709d82f0706476457ae6bad7c3534fbf424382c,Panda.Exchange 2: Hot Wallet,panda.exchange,0,0.0,0.0019880715705765406,0,0,deposit/hot,0.039761,https://etherscan.io/address/0xb709d82f0706476457ae6bad7c3534fbf424382c
0xbd8ef191caa1571e8ad4619ae894e07a75de0c35,Paribu 1,paribu,0,0.0,0.0019880715705765406,0,0,hot/deposit,0.039761,https://etherscan.io/address/0xbd8ef191caa1571e8ad4619ae894e07a75de0c35
0x2bb97b6cf6ffe53576032c11711d59bd056830ee,Paribu 2,paribu,0,0.0,0.0019880715705765406,0,0,hot/deposit,0.039761,https://etherscan.io/address/0x2bb97b6cf6ffe53576032c11711d59bd056830ee
0xfb90501083a3b6af766c8da35d3dde01eb0d2a68,Paribu 3,paribu,0,0.0,0.0019880715705765406,0,0,hot/deposit,0.039761,https://etherscan.io/address/0xfb90501083a3b6af766c8da35d3dde01eb0d2a68
0xabc74170f3cb8ab352820c39cc1d1e05ce9e41d3,Paribu 4,paribu,0,0.0,0.0019880715705765406,0,0,hot/deposit,0.039761,https://etherscan.io/address/0xabc74170f3cb8ab352820c39cc1d1e05ce9e41d3
0x9acbb72cf67103a30333a32cd203459c6a9c3311,Paribu 5,paribu,0,0.0,0.0019880715705765406,0,0,hot/deposit,0.039761,https://etherscan.io/address/0x9acbb72cf67103a30333a32cd203459c6a9c3311
0xd4dcd2459bb78d7a645aa7e196857d421b10d93f,Peatio,peatio,0,0.0,0.0019880715705765406,0,0,exchange,0.039761,https://etherscan.io/address/0xd4dcd2459bb78d7a645aa7e196857d421b10d93f
0xd344539efe31f8b6de983a0cab4fb721fc69c547,QuantaEx 1,quantaex,0,0.0,0.0019880715705765406,0,0,hot/deposit,0.039761,https://etherscan.io/address/0xd344539efe31f8b6de983a0cab4fb721fc69c547
0x5ca39c42f4dee3a5ba8fec3ad4902157d48700bf,QuantaEx 2,quantaex,0,0.0,0.0019880715705765406,0,0,hot/deposit,0.039761,https://etherscan.io/address/0x5ca39c42f4dee3a5ba8fec3ad4902157d48700bf
0x2a048d9a8ffdd239f063b09854976c3049ae659c,QuantaEx 3,quantaex,0,0.0,0.0019880715705765406,0,0,hot/deposit,0.039761,https://etherscan.io/address/0x2a048d9a8ffdd239f063b09854976c3049ae659c
0xb8cf411b956b3f9013c1d0ac8c909b086218207c,Remitano 1,remitano,0,0.0,0.0019880715705765406,0,0,hot/deposit,0.039761,https://etherscan.io/address/0xb8cf411b956b3f9013c1d0ac8c909b086218207c
0x2819c144d5946404c0516b6f817a960db37d4929,Remitano 2,remitano,0,0.0,0.0019880715705765406,0,0,hot/deposit,0.039761,https://etherscan.io/address/0x2819c144d5946404c0516b6f817a960db37d4929
0x120a270bbc009644e35f0bb6ab13f95b8199c4ad,ShapeShift 1,shapeshift,0,0.0,0.00198807157057654,0,0,hot/deposit,0.039761,https://etherscan.io/address/0x120a270bbc009644e35f0bb6ab13f95b8199c4ad
0x9e6316f44baeeee5d41a1070516cc5fa47baf227,ShapeShift 2,shapeshift,0,0.0,0.00198807157057654,0,0,hot/deposit,0.039761,https://etherscan.io/address/0x9e6316f44baeeee5d41a1070516cc5fa47baf227
0x70faa28a6b8d6829a4b1e649d26ec9a2a39ba413,ShapeShift 3,shapeshift,0,0.0,0.00198807157057654,0,0,hot/deposit,0.039761,https://etherscan.io/address/0x70faa28a6b8d6829a4b1e649d26ec9a2a39ba413
0x563b377a956c80d77a7c613a9343699ad6123911,ShapeShift 4,shapeshift,0,0.0,0.00198807157057654,0,0,hot/deposit,0.039761,https://etherscan.io/address/0x563b377a956c80d77a7c613a9343699ad6123911
0xd3273eba07248020bf98a8b560ec1576a612102f,ShapeShift 5,shapeshift,0,0.0,0.00198807157057654,0,0,hot/deposit,0.039761,https://etherscan.io/address/0xd3273eba07248020bf98a8b560ec1576a612102f
0x3b0bc51ab9de1e5b7b6e34e5b960285805c41736,ShapeShift 6,shapeshift,0,0.0,0.00198807157057654,0,0,hot/deposit,0.039761,https://etherscan.io/address/0x3b0bc51ab9de1e5b7b6e34e5b960285805c41736
0xeed16856d551569d134530ee3967ec79995e2051,ShapeShift 7,shapeshift,0,0.0,0.00198807157057654,0,0,hot/deposit,0.039761,https://etherscan.io/address/0xeed16856d551569d134530ee3967ec79995e2051
0x324cc2c9fb379ea7a0d1c0862c3b48ca28d174a4,SouthXchange,southxchange,0,0.0,0.0019880715705765406,0,0,exchange,0.039761,https://etherscan.io/address/0x324cc2c9fb379ea7a0d1c0862c3b48ca28d174a4
0x91f6d99b232153cb655ad3e0d05e13ef505f6cd5,Sparrow Exchange 1,sparrow exchange,0,0.0,0.0019880715705765406,0,0,hot/deposit,0.039761,https://etherscan.io/address/0x91f6d99b232153cb655ad3e0d05e13ef505f6cd5
0xe855283086fbee485aecf2084345a91424c23954,Sparrow Exchange 2,sparrow exchange,0,0.0,0.0019880715705765406,0,0,hot/deposit,0.039761,https://etherscan.io/address/0xe855283086fbee485aecf2084345a91424c23954
0x9bf25700727d10a857099d1033ce2cc493c3b61a,Streamity: StreamDesk,unknown,0,0.0,0.0019880715705765406,0,0,exchange,0.039761,https://etherscan.io/address/0x9bf25700727d10a857099d1033ce2cc493c3b61a
0xa96b536eef496e21f5432fd258b6f78cf3673f74,Switchain,switchain,0,0.0,0.0019880715705765406,0,0,exchange,0.039761,https://etherscan.io/address/0xa96b536eef496e21f5432fd258b6f78cf3673f74
0xea3a46bd1dbd0620d80037f70d0bf7c7dc5a837c,TAGZ 1,tagz,0,0.0,0.0019880715705765406,0,0,hot/deposit,0.039761,https://etherscan.io/address/0xea3a46bd1dbd0620d80037f70d0bf7c7dc5a837c
0xed8204345a0cf4639d2db61a4877128fe5cf7599,TAGZ 2,tagz,0,0.0,0.0019880715705765406,0,0,hot/deposit,0.039761,https://etherscan.io/address/0xed8204345a0cf4639d2db61a4877128fe5cf7599
0x3613ef1125a078ef96ffc898c4ec28d73c5b8c52,Tidex 1,tidex,0,0.0,0.0019880715705765406,0,0,hot/deposit,0.039761,https://etherscan.io/address/0x3613ef1125a078ef96ffc898c4ec28d73c5b8c52
0x0a73573cf2903d2d8305b1ecb9e9730186a312ae,Tidex 2,tidex,0,0.0,0.0019880715705765406,0,0,hot/deposit,0.039761,https://etherscan.io/address/0x0a73573cf2903d2d8305b1ecb9e9730186a312ae
0x0068eb681ec52dbd9944517d785727310b494575,Tokocrypto,tokocrypto,0,0.0,0.0019880715705765406,0,0,exchange,0.039761,https://etherscan.io/address/0x0068eb681ec52dbd9944517d785727310b494575
0xb2cc3cdd53fc9a1aeaf3a68edeba2736238ddc5d,TopBTC,topbtc,0,0.0,0.0019880715705765406,0,0,exchange,0.039761,https://etherscan.io/address/0xb2cc3cdd53fc9a1aeaf3a68edeba2736238ddc5d
0x1119aaefb02bf12b84d28a5d8ea48ec3c90ef1db,Trade.io,trade.io,0,0.0,0.0019880715705765406,0,0,exchange,0.039761,https://etherscan.io/address/0x1119aaefb02bf12b84d28a5d8ea48ec3c90ef1db
0x2f1233ec3a4930fd95874291db7da9e90dfb2f03,Uex,uex,0,0.0,0.0019880715705765406,0,0,exchange,0.039761,https://etherscan.io/address/0x2f1233ec3a4930fd95874291db7da9e90dfb2f03
0x390de26d772d2e2005c6d1d24afc902bae37a4bb,Upbit,upbit,0,0.0,0.0019880715705765406,0,0,exchange,0.039761,https://etherscan.io/address/0x390de26d772d2e2005c6d1d24afc902bae37a4bb
0xba826fec90cefdf6706858e5fbafcb27a290fbe0,Upbit 2,upbit,0,0.0,0.0019880715705765406,0,0,hot/deposit,0.039761,https://etherscan.io/address/0xba826fec90cefdf6706858e5fbafcb27a290fbe0
0x5e032243d507c743b061ef021e2ec7fcc6d3ab89,Upbit 3,upbit,0,0.0,0.0019880715705765406,0,0,hot/deposit,0.039761,https://etherscan.io/address/0x5e032243d507c743b061ef021e2ec7fcc6d3ab89
0xb436c96c6de1f50a160ed307317c275424dbe4f2,Vinex,vinex,0,0.0,0.0019880715705765406,0,0,exchange,0.039761,https://etherscan.io/address/0xb436c96c6de1f50a160ed307317c275424dbe4f2
0x39f6a6c85d39d5abad8a398310c52e7c374f2ba3,WhiteBIT,whitebit,0,0.0,0.0019880715705765406,0,0,exchange,0.039761,https://etherscan.io/address/0x39f6a6c85d39d5abad8a398310c52e7c374f2ba3
0x0e5069514a3dd613350bab01b58fd850058e5ca4,Wintermute,wintermute,0,0.0,0.0019880715705765406,0,0,exchange,0.039761,https://etherscan.io/address/0x0e5069514a3dd613350bab01b58fd850058e5ca4
0xefda0cb780a8564903285ed25df3cc024f3b2982,XT.com Hot Wallet,xt.com,0,0.0,0.0019880715705765406,0,0,deposit/hot,0.039761,https://etherscan.io/address/0xefda0cb780a8564903285ed25df3cc024f3b2982
0xf5bec430576ff1b82e44ddb5a1c93f6f9d0884f3,Yobit.net,yobit.net,0,0.0,0.0019880715705765406,0,0,exchange,0.039761,https://etherscan.io/address/0xf5bec430576ff1b82e44ddb5a1c93f6f9d0884f3
0xd94c9ff168dc6aebf9b6cc86deff54f3fb0afc33,Yunbi 1,yunbi,0,0.0,0.0019880715705765406,0,0,hot/deposit,0.039761,https://etherscan.io/address/0xd94c9ff168dc6aebf9b6cc86deff54f3fb0afc33
0x42da8a05cb7ed9a43572b5ba1b8f82a0a6e263dc,Yunbi 2,yunbi,0,0.0,0.0019880715705765406,0,0,hot/deposit,0.039761,https://etherscan.io/address/0x42da8a05cb7ed9a43572b5ba1b8f82a0a6e263dc
0x700f6912e5753e91ea3fae877a2374a2db1245d7,Yunbi 3,yunbi,0,0.0,0.0019880715705765406,0,0,hot/deposit,0.039761,https://etherscan.io/address/0x700f6912e5753e91ea3fae877a2374a2db1245d7
0x60d0cc2ae15859f69bf74dadb8ae3bd58434976b,ZB.com,zb.com,0,0.0,0.0019880715705765406,0,0,exchange,0.039761,https://etherscan.io/address/0x60d0cc2ae15859f69bf74dadb8ae3bd58434976b
0x2910543af39aba0cd09dbb2d50200b3e800a63d2,Kraken,kraken,54801,1.11166307,0.000671206259246714,0,0,exchange,0.038085,https://etherscan.io/address/0x2910543af39aba0cd09dbb2d50200b3e800a63d2
0x48d466b7c0d32b61e8a82cd2bcf060f7c3f966df,Poloniex: GNO,poloniex,44196,0.0116446,0.0009085490585414753,0,0,exchange,0.038059,https://etherscan.io/address/0x48d466b7c0d32b61e8a82cd2bcf060f7c3f966df
0x29728d0efd284d85187362faa2d4d76c2cfc2612,Kraken 9,kraken,41134,250.17352523,0.0006032524283402388,0,0,hot/deposit,0.030575,https://etherscan.io/address/0x29728d0efd284d85187362faa2d4d76c2cfc2612
0x31a2feb9b5d3b5f4e76c71d6c92fc46ebb3cb1c1,Poloniex: CVC,poloniex,30212,0.00577295,0.0007472227371591032,0,0,exchange,0.02854,https://etherscan.io/address/0x31a2feb9b5d3b5f4e76c71d6c92fc46ebb3cb1c1
0x1c4b70a3968436b9a0a9cf5205c787eb81bb558c,Gate.io 3,gateio,38075,20027.30137425,0.0005279862340101057,0,0,hot/deposit,0.027693,https://etherscan.io/address/0x1c4b70a3968436b9a0a9cf5205c787eb81bb558c
0x742d35cc6634c0532925a3b844bc454e4438f44e,Bitfinex 2,bitfinex,18351,57708.19559883,0.000951880610332904,0,0,hot/deposit,0.027296,https://etherscan.io/address/0x742d35cc6634c0532925a3b844bc454e4438f44e
0x65f9b2e4d7aaeb40ffea8c6f5844d5ad7da257e0,Poloniex: NXC,poloniex,26887,0.0116446,0.0007018664445387526,0,0,exchange,0.026136,https://etherscan.io/address/0x65f9b2e4d7aaeb40ffea8c6f5844d5ad7da257e0
0x892e9e24aea3f27f4c6e9360e312cce93cc98ebe,Binance 30,binance,42737,0.0102665,0.00030456688832381727,0,0,hot/deposit,0.025323,https://etherscan.io/address/0x892e9e24aea3f27f4c6e9360e312cce93cc98ebe
0x345d8e3a1f62ee6b1d483890976fd66168e390f2,Binance 23,binance,31351,0.01318451,0.0003028734808533044,0,0,hot/deposit,0.020165,https://etherscan.io/address/0x345d8e3a1f62ee6b1d483890976fd66168e390f2
0xfbf2173154f7625713be22e0504404ebfe021eae,Poloniex: STORJ,poloniex,25663,2.94429233,0.0003324700369498089,0,0,exchange,0.018198,https://etherscan.io/address/0xfbf2173154f7625713be22e0504404ebfe021eae
0xc6cde7c39eb2f0f0095f41570af89efc2c1ea828,Bitfinex: MultiSig 2,bitfinex,6471,0.14412363,0.0007442001006712318,0,0,hot/deposit,0.017796,https://etherscan.io/address/0xc6cde7c39eb2f0f0095f41570af89efc2c1ea828
0x6f803466bcd17f44fa18975bf7c509ba64bf3825,Poloniex: USDC,poloniex,22160,22.00573743,0.00032779364164623034,0,0,exchange,0.016528,https://etherscan.io/address/0x6f803466bcd17f44fa18975bf7c509ba64bf3825
0xab83d182f3485cf1d6ccdd34c7cfef95b4c08da4,Binance JEX,binance,18314,51.43847589,0.00030093452483775224,0,0,exchange,0.01426,https://etherscan.io/address/0xab83d182f3485cf1d6ccdd34c7cfef95b4c08da4
0x0a869d79a7052c7f1b55a8ebabbea3420f0d1e13,Kraken 2,kraken,12218,1.02444389,0.00042011513160673304,0,0,hot/deposit,0.0139,https://etherscan.io/address/0x0a869d79a7052c7f1b55a8ebabbea3420f0d1e13
0x7793cd85c11a924478d358d49b05b37e91b5810f,Gate.io 2,gateio,11113,237.90332846,0.0004322097434802731,0,0,hot/deposit,0.013645,https://etherscan.io/address/0x7793cd85c11a924478d358d49b05b37e91b5810f
0x15878e87c685f866edfaf454be6dc06fa517b35b,Bithumb 7,bithumb,1700,0.0,0.0006245571580920004,0,0,hot/deposit,0.013256,https://etherscan.io/address/0x15878e87c685f866edfaf454be6dc06fa517b35b
0xed48dc0628789c2956b1e41726d062a86ec45bff,Bithumb 9,bithumb,1493,0.0,0.0006119606553471769,0,0,hot/deposit,0.012911,https://etherscan.io/address/0xed48dc0628789c2956b1e41726d062a86ec45bff
0x43984d578803891dfa9706bdeee6078d80cfc79e,Kraken 11,kraken,10627,45.98880656,0.0004057154028851889,0,0,hot/deposit,0.012896,https://etherscan.io/address/0x43984d578803891dfa9706bdeee6078d80cfc79e
0x31d03f07178bcd74f9099afebd23b0ae30184ab5,Bithumb 8,bithumb,1315,0.0,0.0005938635836573168,0,0,hot/deposit,0.012469,https://etherscan.io/address/0x31d03f07178bcd74f9099afebd23b0ae30184ab5
0xc1da8f69e4881efe341600620268934ef01a3e63,Bithumb 5,bithumb,1275,0.0,0.0005880337013129546,0,0,hot/deposit,0.012334,https://etherscan.io/address/0xc1da8f69e4881efe341600620268934ef01a3e63
0xfe9e8709d3215310075d67e3ed32a380ccf451c8,Binance 5,binance,13406,0.08193346,0.0003002045719249403,0,0,hot/deposit,0.012037,https://etherscan.io/address/0xfe9e8709d3215310075d67e3ed32a380ccf451c8
0x9a9bed3eb03e386d66f8a29dc67dc29bbb1ccb72,Bitstamp 3,bitstamp,41,0.02,0.0005742997598265325,0,0,hot/deposit,0.011504,https://etherscan.io/address/0x9a9bed3eb03e386d66f8a29dc67dc29bbb1ccb72
0x4c766def136f59f6494f0969b1355882080cf8e0,Bitstamp 5,bitstamp,41,1950.00057762,0.0005742997598265325,0,0,hot/deposit,0.011504,https://etherscan.io/address/0x4c766def136f59f6494f0969b1355882080cf8e0
0x141fef8cd8397a390afe94846c8bd6f4ab981c48,Binance 32,binance,11428,0.95166614,0.0002999103895978127,0,0,hot/deposit,0.011141,https://etherscan.io/address/0x141fef8cd8397a390afe94846c8bd6f4ab981c48
0xf977814e90da44bfa03b6295a0616a897441acec,Binance 8,binance,11030,1170353.95470601,0.0002998511961871976,0,0,hot/deposit,0.010961,https://etherscan.io/address/0xf977814e90da44bfa03b6295a0616a897441acec
0xd6216fc19db775df9774a6e33526131da7d19a2c,KuCoin 6,kucoin,7476,129801.3517388,0.0003796971385125289,0,0,hot/deposit,0.010958,https://etherscan.io/address/0xd6216fc19db775df9774a6e33526131da7d19a2c
0x07ee55aa48bb72dcc6e9d78256648910de513eca,Gemini: Contract 1,gemini,1691,0.0,0.0005054015921881585,0,0,hot/deposit,0.010869,https://etherscan.io/address/0x07ee55aa48bb72dcc6e9d78256648910de513eca
0xab7c74abc0c4d48d1bdad5dcb26153fc8780f83e,Bitfinex: MultiSig 1,bitfinex,530,0.01470426,0.0005276240209523261,0,0,hot/deposit,0.010791,https://etherscan.io/address/0xab7c74abc0c4d48d1bdad5dcb26153fc8780f83e
0xb4460b75254ce0563bb68ec219208344c7ea838c,Bithumb 6,bithumb,881,0.0,0.0005129893990441758,0,0,hot/deposit,0.010656,https://etherscan.io/address/0xb4460b75254ce0563bb68ec219208344c7ea838c
0x059799f2261d37b829c2850cee67b5b975432271,Bitstamp 4,bitstamp,24,0.38287,0.0005196380581543792,0,0,hot/deposit,0.010404,https://etherscan.io/address/0x059799f2261d37b829c2850cee67b5b975432271
0x00799bbc833d5b168f0410312d2a8fd9e0e3079c,Binance 31,binance,8352,0.00010971,0.00029945290484642524,0,0,hot/deposit,0.009747,https://etherscan.io/address/0x00799bbc833d5b168f0410312d2a8fd9e0e3079c
0xc5b611f502a0dcf6c3188fd494061ae29b2baa4f,Bitstamp 6,bitstamp,17,1.5,0.00047852321637416415,0,0,hot/deposit,0.009578,https://etherscan.io/address/0xc5b611f502a0dcf6c3188fd494061ae29b2baa4f
0x8d6f396d210d385033b348bcae9e4f9ea4e045bd,Gemini 6,gemini,436,0.0,0.0004623802379407703,0,0,hot/deposit,0.009444,https://etherscan.io/address/0x8d6f396d210d385033b348bcae9e4f9ea4e045bd
0xc61b9bb3a7a0767e3179713f3a5c7a9aedce193c,Bitfinex: MultiSig 3,bitfinex,118,408033.76046368,0.0004679313224152374,0,0,hot/deposit,0.009412,https://etherscan.io/address/0xc61b9bb3a7a0767e3179713f3a5c7a9aedce193c
0x61edcdf5bb737adffe5043706e7c5bb1f1a56eea,Gemini 3,gemini,364,399498.96466904,0.00045152637341239676,0,0,hot/deposit,0.009194,https://etherscan.io/address/0x61edcdf5bb737adffe5043706e7c5bb1f1a56eea
0x1692e170361cefd1eb7240ec13d048fd9af6d667,KuCoin 5,kucoin,4306,10597.34315029,0.00035979271903980464,0,0,hot/deposit,0.009134,https://etherscan.io/address/0x1692e170361cefd1eb7240ec13d048fd9af6d667
0x964771f6df31eea2d927fa71d7bd78e81bcdce05,Bitstamp: Contract 1,bitstamp,14,0.0,0.0004507214558291448,0,0,hot/deposit,0.009021,https://etherscan.io/address/0x964771f6df31eea2d927fa71d7bd78e81bcdce05
0x59448fe20378357f206880c58068f095ae63d5a5,Bitfinex 9,bitfinex,33,0.0003728,0.00042639682130778697,0,0,hot/deposit,0.008543,https://etherscan.io/address/0x59448fe20378357f206880c58068f095ae63d5a5
0xaa9fa73dfe17ecaa2c89b39f0bb2779613c5fc3b,Poloniex: BAT,poloniex,5363,0.0,0.00030537017264417225,0,0,exchange,0.008521,https://etherscan.io/address/0xaa9fa73dfe17ecaa2c89b39f0bb2779613c5fc3b
0x36a85757645e8e8aec062a1dee289c7d615901ca,Bitfinex 10,bitfinex,27,177328.30766824,0.0004175404279330757,0,0,hot/deposit,0.008363,https://etherscan.io/address/0x36a85757645e8e8aec062a1dee289c7d615901ca
0x4fdd5eb2fb260149a3903859043e962ab89d8ed4,Bitfinex 5,bitfinex,25,100116.88988392,0.00041185419793007567,0,0,hot/deposit,0.008248,https://etherscan.io/address/0x4fdd5eb2fb260149a3903859043e962ab89d8ed4
0xc3c8e0a39769e2308869f7461364ca48155d1d9e,Binance 24,binance,4386,0.00778611,0.0002988630529205466,0,0,hot/deposit,0.007951,https://etherscan.io/address/0xc3c8e0a39769e2308869f7461364ca48155d1d9e
0x2c8fbb630289363ac80705a1a61273f76fd5a161,OKEx 4,okx,396,7439.10862646,0.0003835087885158902,0,0,hot/deposit,0.007848,https://etherscan.io/address/0x2c8fbb630289363ac80705a1a61273f76fd5a161
0xd69b0089d9ca950640f5dc9931a41a5965f00303,Gemini 7,gemini,149,46569.83908867,0.0003861969080163624,0,0,hot/deposit,0.007791,https://etherscan.io/address/0xd69b0089d9ca950640f5dc9931a41a5965f00303
0x001866ae5b3de6caa5a51543fd9fb64f524f5478,Binance 9,binance,3862,0.12358904,0.0002987851198874754,0,0,hot/deposit,0.007714,https://etherscan.io/address/0x001866ae5b3de6caa5a51543fd9fb64f524f5478
0x1b29dd8ff0eb3240238bf97cafd6edea05d5ba82,Bitfinex 6,bitfinex,13,1.37340398,0.0003604933381879991,0,0,hot/deposit,0.007216,https://etherscan.io/address/0x1b29dd8ff0eb3240238bf97cafd6edea05d5ba82
0xbd2ec7c608a06fe975dbdca729e84dedb34ecc21,Poloniex: LOOM,poloniex,2441,0.0,0.00030146939414658257,0,0,exchange,0.007128,https://etherscan.io/address/0xbd2ec7c608a06fe975dbdca729e84dedb34ecc21
0x8d451ae5ee8f557a9ce7a9d7be8a8cb40002d5cb,Poloniex: KNC,poloniex,2262,5.15003829,0.00030123043475196635,0,0,exchange,0.007043,https://etherscan.io/address/0x8d451ae5ee8f557a9ce7a9d7be8a8cb40002d5cb
0x98ec059dc3adfbdd63429454aeb0c990fba4a128,OKEx 6,okx,45,250000.10818897,0.00034593498959484834,0,0,hot/deposit,0.006939,https://etherscan.io/address/0x98ec059dc3adfbdd63429454aeb0c990fba4a128
0xc0e30823e5e628df8bc9bf2636a347e1512f0ecb,Poloniex: MANA,poloniex,2001,4.6544304,0.0003008820079251796,0,0,exchange,0.006918,https://etherscan.io/address/0xc0e30823e5e628df8bc9bf2636a347e1512f0ecb
0x2fa2bc2ce6a4f92952921a4caa46b3727d24a1ec,Poloniex: BNT,poloniex,1960,0.0,0.0003008272742090943,0,0,exchange,0.006899,https://etherscan.io/address/0x2fa2bc2ce6a4f92952921a4caa46b3727d24a1ec
0x6795cf8eb25585eadc356ae32ac6641016c550f2,Poloniex: SNT,poloniex,1821,0.0,0.0003006417135618784,0,0,exchange,0.006832,https://etherscan.io/address/0x6795cf8eb25585eadc356ae32ac6641016c550f2
0x59fae149a8f8ec74d5bc038f8b76d25b136b9573,OKEx 5,okx,31,0.02496448,0.0003334756211889784,0,0,hot/deposit,0.006683,https://etherscan.io/address/0x59fae149a8f8ec74d5bc038f8b76d25b136b9573
0xeea81c4416d71cef071224611359f6f99a4c4294,BitMEX 1,bitmex,199,12084.17348196,0.00032594784703839254,0,0,hot/deposit,0.006609,https://etherscan.io/address/0xeea81c4416d71cef071224611359f6f99a4c4294
0x6b71834d65c5c4d8ed158d54b47e6ea4ff4e5437,Poloniex: FOAM,poloniex,1315,0.0,0.000299966219407265,0,0,exchange,0.006591,https://etherscan.io/address/0x6b71834d65c5c4d8ed158d54b47e6ea4ff4e5437
0xbe0eb53f46cd790cd13851d5eff43d12404d33e8,Binance 7,binance,1157,1996008.35576895,0.00029838281291331964,0,0,hot/deposit,0.006488,https://etherscan.io/address/0xbe0eb53f46cd790cd13851d5eff43d12404d33e8
0xb4cd0386d2db86f30c1a11c2b8c4f4185c1dade9,Huobi 31,huobi,953,0.59095858,0.0002986487176232976,0,0,hot/deposit,0.006402,https://etherscan.io/address/0xb4cd0386d2db86f30c1a11c2b8c4f4185c1dade9
0xdc76cd25977e0a5ae17155770273ad58648900d3,Huobi 6,huobi,789,8.399e-05,0.0002985733461080427,0,0,hot/deposit,0.006327,https://etherscan.io/address/0xdc76cd25977e0a5ae17155770273ad58648900d3
0xb302bfe9c246c6e150af70b1caaa5e3df60dac05,Gemini 5,gemini,24,0.0,0.0003143862782681145,0,0,hot/deposit,0.006299,https://etherscan.io/address/0xb302bfe9c246c6e150af70b1caaa5e3df60dac05
0x558553d54183a8542f7832742e7b4ba9c33aa1e6,Bithumb 12,bithumb,55,170000.75408265,0.00031296224102693546,0,0,hot/deposit,0.006284,https://etherscan.io/address/0x558553d54183a8542f7832742e7b4ba9c33aa1e6
0x8533a0bd9310eb63e7cc8e1116c18a3d67b1976a,Hotbit 2,hotbit,574,1.27768931,0.00030105012953596586,0,0,deposit/hot,0.006279,https://etherscan.io/address/0x8533a0bd9310eb63e7cc8e1116c18a3d67b1976a
0xb794f5ea0ba39494ce839613fffba74279579268,Poloniex 3,poloniex,488,0.44659632,0.0002988622003047644,0,0,hot/deposit,0.006197,https://etherscan.io/address/0xb794f5ea0ba39494ce839613fffba74279579268
0x7dfe9a368b6cf0c0309b763bb8d16da326e8f46e,Binance 22,binance,472,0.02075358,0.0002982809348071102,0,0,hot/deposit,0.006178,https://etherscan.io/address/0x7dfe9a368b6cf0c0309b763bb8d16da326e8f46e
0x4e9ce36e442e55ecd9025b9a6e0d88485d628a67,Binance 6,binance,399,0.10391024,0.0002982700777242586,0,0,hot/deposit,0.006145,https://etherscan.io/address/0x4e9ce36e442e55ecd9025b9a6e0d88485d628a67
0xd793281182a0e3e023116004778f45c29fc14f19,Gate.io: Contract,gateio,216,1828.78872651,0.0003019330449232272,0,0,exchange,0.006136,https://etherscan.io/address/0xd793281182a0e3e023116004778f45c29fc14f19
0x899b5d52671830f567bf43a14684eb14e1f945fe,KuCoin 8,kucoin,216,0.04504431,0.00030177582420265497,0,0,hot/deposit,0.006133,https://etherscan.io/address/0x899b5d52671830f567bf43a14684eb14e1f945fe
0xe853c56864a2ebe4576a807d26fdc4a0ada51919,Kraken 3,kraken,223,1.58345962,0.0002983306942932485,0,0,hot/deposit,0.006067,https://etherscan.io/address/0xe853c56864a2ebe4576a807d26fdc4a0ada51919
0x66f820a414680b5bcda5eeca5dea238543f42054,Bittrex 3,bittrex,199,60000.02770592,0.0002983498780317856,0,0,hot/deposit,0.006057,https://etherscan.io/address/0x66f820a414680b5bcda5eeca5dea238543f42054
0x44592b81c05b4c35efb8424eb9d62538b949ebbf,Binance 26,binance,141,0.02862319,0.00029823170611637244,0,0,hot/deposit,0.006028,https://etherscan.io/address/0x44592b81c05b4c35efb8424eb9d62538b949ebbf
0xda9dfa130df4de4673b89022ee50ff26f6ea73cf,Kraken 13,kraken,122,1690839.97041356,0.00029827636321977987,0,0,hot/deposit,0.00602,https://etherscan.io/address/0xda9dfa130df4de4673b89022ee50ff26f6ea73cf
0x2e581a5ae722207aa59acd3939771e7c7052dd3d,Binance 25,binance,120,0.01450284,0.0002982285828459631,0,0,hot/deposit,0.006019,https://etherscan.io/address/0x2e581a5ae722207aa59acd3939771e7c7052dd3d
0x1e2fcfd26d36183f1a5d90f0e6296915b02bcb40,Coinone 2,coinone,95,86004.88766666,0.000298652302008652,0,0,hot/deposit,0.006016,https://etherscan.io/address/0x1e2fcfd26d36183f1a5d90f0e6296915b02bcb40
0x4d77a1144dc74f26838b69391a6d3b1e403d0990,Huobi 32,huobi,107,7.3836079,0.00029825991090436083,0,0,hot/deposit,0.006013,https://etherscan.io/address/0x4d77a1144dc74f26838b69391a6d3b1e403d0990
0x32598293906b5b17c27d657db3ad2c9b3f3e4265,Huobi 13,huobi,92,4.5649119,0.00029825301716820946,0,0,hot/deposit,0.006006,https://etherscan.io/address/0x32598293906b5b17c27d657db3ad2c9b3f3e4265
0x47ac0fb4f2d84898e4d9e7b4dab3c24507a6d503,Binance: Binance-Peg Tokens,binance,58,584999.06367536,0.0002982193617618974,0,0,deposit/hot,0.00599,https://etherscan.io/address/0x47ac0fb4f2d84898e4d9e7b4dab3c24507a6d503
0x229b5c097f9b35009ca1321ad2034d4b3d5070f6,Huobi 18,huobi,46,0.13569696,0.0002982318763773453,0,0,hot/deposit,0.005985,https://etherscan.io/address/0x229b5c097f9b35009ca1321ad2034d4b3d5070f6
0xd88b55467f58af508dbfdc597e8ebd2ad2de49b3,Binance 21,binance,38,0.00781037,0.00029821638721865045,0,0,hot/deposit,0.005981,https://etherscan.io/address/0xd88b55467f58af508dbfdc597e8ebd2ad2de49b3
0x50d669f43b484166680ecc3670e4766cdb0945ce,Binance 33,binance,36,0.47190408,0.0002982160897643257,0,0,hot/deposit,0.005981,https://etherscan.io/address/0x50d669f43b484166680ecc3670e4766cdb0945ce
0x2f7e209e0f5f645c7612d7610193fe268f118b28,Binance 34,binance,34,0.01843803,0.00029821579231000103,0,0,hot/deposit,0.00598,https://etherscan.io/address/0x2f7e209e0f5f645c7612d7610193fe268f118b28
0xa0ff1e0f30b5dda2dc01e7e828290bc72b71e57d,Bithumb 4,bithumb,22,0.0,0.00029841569045529413,0,0,hot/deposit,0.005978,https://etherscan.io/address/0xa0ff1e0f30b5dda2dc01e7e828290bc72b71e57d
0x49517ca7b7a50f592886d4c74175f4c07d460a70,Huobi 38,huobi,21,0.1003465,0.00029822038681709303,0,0,hot/deposit,0.005974,https://etherscan.io/address/0x49517ca7b7a50f592886d4c74175f4c07d460a70
0x186549a4ae594fc1f70ba4cffdac714b405be3f9,Bithumb 10,bithumb,11,0.0,0.00029831321302088763,0,0,hot/deposit,0.005971,https://etherscan.io/address/0x186549a4ae594fc1f70ba4cffdac714b405be3f9
0xdcd0272462140d0a3ced6c4bf970c7641f08cd2c,Bitfinex 4,bitfinex,11,0.09011851,0.00029825312149507643,0,0,hot/deposit,0.00597,https://etherscan.io/address/0xdcd0272462140d0a3ced6c4bf970c7641f08cd2c
0x3f7e77b627676763997344a1ad71acb765fc8ac5,Bitfinex 8,bitfinex,11,23594.74684404,0.00029825312149507643,0,0,hot/deposit,0.00597,https://etherscan.io/address/0x3f7e77b627676763997344a1ad71acb765fc8ac5
0xd273bd546b11bd60214a2f9d71f22a088aafe31b,Bithumb 11,bithumb,9,0.0,0.00029829458076008645,0,0,hot/deposit,0.00597,https://etherscan.io/address/0xd273bd546b11bd60214a2f9d71f22a088aafe31b
0x06a0048079ec6571cd1b537418869cde6191d42d,Binance 29,binance,6,37913.56194792,0.00029821162794945523,0,0,hot/deposit,0.005967,https://etherscan.io/address/0x06a0048079ec6571cd1b537418869cde6191d42d
0x30a2ebf10f34c6c4874b0bdd5740690fd2f3b70c,Bitfinex 7,bitfinex,4,2.10290367,0.0002982261486441521,0,0,hot/deposit,0.005966,https://etherscan.io/address/0x30a2ebf10f34c6c4874b0bdd5740690fd2f3b70c
0xc56fefd1028b0534bfadcdb580d3519b5586246e,Bitfinex 11,bitfinex,1,95263.26323519,0.0002982145888508989,0,0,hot/deposit,0.005965,https://etherscan.io/address/0xc56fefd1028b0534bfadcdb580d3519b5586246e
0x0b73f67a49273fc4b9a65dbd25d7d0918e734e63,Bitfinex 12,bitfinex,1,34740.37540505,0.0002982145888508989,0,0,hot/deposit,0.005965,https://etherscan.io/address/0x0b73f67a49273fc4b9a65dbd25d7d0918e734e63
0x482f02e8bc15b5eabc52c6497b425b3ca3c821e8,Bitfinex 13,bitfinex,2,0.26199736,0.00029821844211531663,0,0,hot/deposit,0.005965,https://etherscan.io/address/0x482f02e8bc15b5eabc52c6497b425b3ca3c821e8
0xd5fd1bc99d5801278345e9d29be2225d06c26e93,Binance 27,binance,0,0.0,0.0002982108843136435,0,0,hot/deposit,0.005964,https://etherscan.io/address/0xd5fd1bc99d5801278345e9d29be2225d06c26e93
